latitude,longitude,altitude,geometry,state_code,source,name,ward_code,global_id
6.6197589,3.4641302,,Point,LA,GRID,NNPC Filling Station,LASIKU22,00101877-7a78-4a99-aaa9-1dbea0301cd0
6.5653488,3.4772815,,Point,LA,GRID,Smart Lube Bay,LASIKU01,0198edfa-f3aa-4382-942b-7155f0babb78
6.4903771,2.9583903,,Point,LA,GRID,Jonas Petroleum,LASBDY13,01a58600-6ab3-42dd-8378-a2c004ce89c5
6.4821433,3.1737933,,Point,LA,GRID,Total Filling Station 2,LASOJO05,01a5d4de-c132-4340-ae46-615e83753acb
6.4856268,3.8868834,,Point,LA,GRID,Yemsonat Filling Station,LASIUI08,01b857b8-3617-4da3-b5e7-f5cfa34281a6
6.4320775,2.887625,,Point,LA,GRID,Favourite Energy,LASBDY03,01be3045-fbd3-4991-a74d-98713d940372
6.45887,3.1636283,,Point,LA,GRID,Total Petrol Station By Car Wash Bstop On 271Ojo Igbede Road Lagos,LASOJO07,01f2e439-4f03-419b-b4ba-d5ccaf849131
6.4925383,2.9574833,,Point,LA,GRID,Oulak Nigeria Limited,LASBDY13,021d5ee8-a97f-4088-9ff4-7866474507fa
6.5082047,3.2002328,,Point,LA,GRID,Alanamu Filling Station,LASOJO04,02302a1d-93e7-482f-bda2-e5e665c8fa15
6.6423983,3.2900083,,Point,LA,GRID,P and G Petriodot and Gas,LASAMO31,024c95fb-5514-4bf8-808b-d70fd9f240cd
6.6670664,3.5264828,,Point,LA,GRID,Radmug Energy Service,LASIKU23,02d853ec-01d3-4ac4-b551-8c3734931c5c
6.4995762,3.3780874,,Point,LA,GRID,Conoil,LASLMD05,02f24754-7b50-4da1-9858-d94b5078c27a
6.4962842,3.1987326,,Point,LA,GRID,Al Moruff Oil and Gas,LASOJO05,03805a90-117f-4fae-89f9-7b175619a8d9
6.4442566,3.4268051,,Point,LA,GRID,Forte Oil Filling Station,LASEOA12,03a3bc88-31e4-4efd-991b-45451db6e187
6.6717433,3.3373333,,Point,LA,GRID,Oando,LASIOE13,03b8b32a-de94-40aa-95a9-636b7b100d11
6.6005384,3.3095727,,Point,LA,GRID,Mobil Filling Station 1,LASAMO35,03d3fa14-6192-4078-a5d8-f2444a218fef
6.6730911,3.4494535,,Point,LA,GRID,A O D Petroleum,LASIKU16,04cc9069-dcdb-43f0-a0e8-8363f145f8df
6.5600146,3.2963749,,Point,LA,GRID,Dapsey Oil,LASOIO02,04ebbca2-0093-4816-87ec-95db5fae76f8
6.5956802,3.2611979,,Point,LA,GRID,Dabog Filling Station,LASAMO16,055aa845-031c-4b19-b1e2-0111a204ea05
6.5172391,3.2573937,,Point,LA,GRID,Abanet Oil Nigeria Limited,LASAMO24,05704d80-73e8-483b-84f2-7e09faf034f4
6.4937478,3.1472289,,Point,LA,GRID,Conoil Filling Station,LASOJO13,05dc6c76-bf45-4558-85e4-c05dc8476f32
6.6349495,3.9871064,,Point,LA,GRID,Yemsonat Petroleum,LASEPE08,06012f69-b97f-47e4-97b6-276703e46186
6.53907,3.2552267,,Point,LA,GRID,Smaq OGas Filling Station,LASAMO01,0679f842-b71f-46e8-af1d-a0be4bc32faa
6.5338442,3.2462317,,Point,LA,GRID,Mobil Filling Station,LASAMO01,071da8b2-e8b6-4d27-aa5d-897f7e92a921
6.6770883,3.2631733,,Point,LA,GRID,Pm Petroleum Manager,LASAMO11,07241cb9-d1a8-431b-8728-28c45c3dfb66
6.6025817,3.3091517,,Point,LA,GRID,Oando Filling Station 2,LASAMO34,07b28c47-9d9e-40a9-931f-b0a9cffd1e99
6.6435767,3.288665,,Point,LA,GRID,Pm Protroleum Manager,LASAMO06,07ed10d1-2da3-4e90-86eb-e87e8f5aa065
6.5290253,3.3277304,,Point,LA,GRID,Real Oil,LASOIO14,08013a96-b65a-451a-aed4-b693dc0eddab
6.4316692,3.4086838,,Point,LA,GRID,Mobil Filling Station 2,LASEOA19,080994ce-990e-458b-aeca-0dd1696bb985
6.3881616,2.7741942,,Point,LA,GRID,Laanu Oluwa Petroleum,LASBDY10,0882bfcb-84f1-41af-a3de-6b02d4d31c49
6.5206029,3.3220996,,Point,LA,GRID,Mobil Filling Station,LASOIO14,0911c9ee-bb4c-4dbf-b341-22c5d40e8503
6.4179105,2.7320254,,Point,LA,GRID,Kweme Energy Oil and Gas Ltd,LASBDY20,091314f2-ca12-4256-9234-ef0bac143de5
6.4937352,3.1414811,,Point,LA,GRID,Anos Pat Filling Station,LASOJO13,095c4698-6026-42a0-87cd-3d1042c84d79
6.610675,3.4833883,,Point,LA,GRID,Simart,LASIKU15,097b1be4-4940-4703-b46b-3ee2fd5064c3
6.6387972,3.2636896,,Point,LA,GRID,Forte Oil,LASAMO06,0993865d-804d-46fd-a37a-c0bd35c72927
6.5299664,3.243165,,Point,LA,GRID,Forte Oil Filling Station,LASAMO01,09b02823-e4a7-45df-94d6-2a216dc0d100
6.4855933,3.1667783,,Point,LA,GRID,Bovag Filling Station,LASOJO01,09d499b9-ffc9-49f4-b586-bde9c864a065
6.6007833,3.5692433,,Point,LA,GRID,Ratom K Oil and Gas Filling Station,LASIKU29,09d65904-e9a6-4c6e-9887-31ad37958792
6.4882932,3.3806788,,Point,LA,GRID,Ascon,LASLMD09,0a6c592d-f28d-427e-8ef2-e1d6c0b5a77c
6.6616273,3.4751031,,Point,LA,GRID,Duiker Oil and Gas,LASIKU06,0ac0299b-d727-4f1e-aa2f-890caa6862fc
6.5136867,3.2816467,,Point,LA,GRID,Revonia Oil and Gas,LASAMO27,0ac0d623-b168-467c-b7ea-7921ef72b906
6.455028,3.3319994,,Point,LA,GRID,Best Sea Energy Services Ltd,LASATO07,0b091641-fb45-4334-abdb-fe95a60d893d
6.39418,2.828335,,Point,LA,GRID,Not Opetating,LASBDY05,0b6ca457-e3d0-40e4-8e58-72744eed8f3a
6.5678856,3.5929363,,Point,LA,GRID,Ganols Petroleum Nig Ltd,LASIKU25,0b873f80-db29-48c7-bb54-b4df8120e632
6.6459654,3.5612355,,Point,LA,GRID,Prosperous Oil and Gas Ltd,LASIKU04,0b8b8686-26d2-4689-9fc1-8499c8ef3380
6.472588,3.7170912,,Point,LA,GRID,Fatgbems Filling Station,LASIUI04,0c0b2ee5-eada-4da0-bd17-f8c76723d0f8
6.4558767,3.2720443,,Point,LA,GRID,Chimons Gas Limited,LASAON08,0c743af5-7252-49fb-a226-f9e2da99f1e6
6.4707475,3.8188614,,Point,LA,GRID,Ziuss Filling Station,LASIUI10,0c93e743-e2fd-4ed6-b622-481220d5f0dd
6.4575838,3.3944586,,Point,LA,GRID,Oando Filling Station,LASLID16,0cae1f0e-b739-49ec-810b-aebcf8388493
6.4717292,3.7963439,,Point,LA,GRID,Biswun Oil,LASIUI02,0cef58b4-6649-4519-ba83-dd6efe14a0e2
6.630478,3.5235832,,Point,LA,GRID,Gabaak Nig Ltd,LASIKU20,0dc920c6-8f71-4858-8a70-180ed953ea6c
6.4735718,3.0122549,,Point,LA,GRID,Eni Olohunda Oil,LASBDY08,0dfcf87d-23ec-428e-b74c-fb547a7dc772
6.5246283,3.293075,,Point,LA,GRID,Randuk Filling Station,LASOIO17,0e3580d6-dc6f-4aff-87e9-f0c97fea4f64
6.6433969,3.5553664,,Point,LA,GRID,Energy Filling Station,LASIKU12,0e9ab6de-841f-4b7a-984e-55366cbb790e
6.6629225,3.2836067,,Point,LA,GRID,NNPC Filling Station 2,LASAMO05,0f2042be-6ee7-4bda-86d4-c037d8257fbc
6.4189431,2.7415639,,Point,LA,GRID,Mjm Energy Star,LASBDY10,0f814931-6f1f-4385-99f9-c82a37475206
6.4945332,3.135237,,Point,LA,GRID,Bovag Petrol Station,LASOJO06,0ff4ef4a-6f16-45f0-ac85-61f8bef250ae
6.4338433,2.7230733,,Point,LA,GRID,Filling Station,LASBDY17,100019a7-a722-4d7f-8a9c-bfbb7acb003e
6.47504,3.6126283,,Point,LA,GRID,Oando Filling Station 1,LASEOA18,1014f134-db28-40b7-a96d-3d6d1293748c
6.49869,3.0910133,,Point,LA,GRID,Petroleum Limited,LASBDY08,104e8cb5-2e5c-4dd7-a54b-876fe0fa535c
6.5591362,3.2698848,,Point,LA,GRID,Energy,LASAMO28,10d221fb-9d8e-475f-ab8f-1c4d70ba21a9
6.4383833,3.51757,,Point,LA,GRID,Total Filling Station,LASEOA04,11265530-a393-49a7-b242-942bf03bd2a2
6.4820772,3.1881268,,Point,LA,GRID,Mobile Filling Station,LASOJO12,11a3d88f-f805-456a-b253-1198623ff07b
6.56436,3.2512883,,Point,LA,GRID,Leto Ventures Nig Ltd,LASAMO25,11f08be1-97c9-452d-8e2e-9df9810be148
6.4333247,3.4911631,,Point,LA,GRID,Oando Filling Station,LASEOA13,11f98abd-3699-4a5a-bebc-8c0401377ebc
6.4839397,3.1706723,,Point,LA,GRID,J Atofolaki Petroleum Ltd,LASOJO05,120df206-1300-4a66-b722-14ce1a6134e7
6.4270415,2.7245316,,Point,LA,GRID,Filling Station 4,LASBDY17,1232f3d6-9a07-4b04-8418-198646c7fa79
6.4732605,3.7813737,,Point,LA,GRID,Matrix Gas,LASIUI02,1267e9f4-757e-4cab-a932-6a03767ac3fb
6.44935,3.3402783,,Point,LA,GRID,Total Filling Station 2,LASATO13,128ecb50-f45a-413c-a4f7-13ddfb8b2b9a
6.4126229,4.0999803,,Point,LA,GRID,M Maruk Filling Station,LASIUI06,12d85389-7e46-45c6-9993-3e1a1b116d74
6.5287133,3.32033,,Point,LA,GRID,Total Filling Station 2,LASOIO14,12e046e9-7ea1-4698-b8ff-62e49e3284a2
6.6259638,3.3231539,,Point,LA,GRID,Oando Filling Station,LASAGG13,12ec22af-d338-4cb0-9eae-44134425d416
6.5922973,3.3432068,,Point,LA,GRID,Conoil Filling Station,LASIKA06,13493b84-7520-42b6-a9cd-6d76e4488643
6.5558819,3.2695579,,Point,LA,GRID,NNPC Filling Station,LASAMO28,14341b59-9ad9-4e3d-baaa-0e0a2f9d5bc1
6.4600133,3.3638867,,Point,LA,GRID,Total Filling Station 2,LASAPA09,14e5f745-b643-4fa9-b8bb-db5d9ac0c21a
6.5009654,3.0229183,,Point,LA,GRID,Arugboode Oil,LASBDY13,15297096-327f-4ddd-81fc-fb9011b977bb
6.4503417,3.34805,,Point,LA,GRID,Tinpet,LASATO13,157fd8b9-f760-4730-b7cb-887662d1f032
6.4201154,2.7478049,,Point,LA,GRID,Conoil,LASBDY20,15ab6f7e-c5bc-444a-91fa-59fe6b93a44c
6.4683604,3.1854029,,Point,LA,GRID,Lots Filling Station,LASOJO10,161e18e1-6fe2-46cd-978f-1ec37bd9f64d
6.6163478,3.3125762,,Point,LA,GRID,First Royal,LASAGG10,16673f4d-a621-43e5-854e-56bce6c48d5a
6.5511571,3.2565327,,Point,LA,GRID,Ameen Oil,LASAMO25,166c719a-5a68-4e30-afa6-68feae6c46f6
6.5915744,3.3055366,,Point,LA,GRID,Dapsey Oil,LASAMO35,1686206f-f918-43a7-a2c0-d3d14e75afc4
6.4859357,3.8871565,,Point,LA,GRID,Total Filling Station 1,LASIUI01,16a1bdc9-0887-4d68-955c-a43451d7c5bc
6.460195,3.3640117,,Point,LA,GRID,Total Filling Station 1,LASAPA09,183ec2e6-b0a3-4a8f-b9d3-ffc83fd944a2
6.4180432,2.7372874,,Point,LA,GRID,Fo Filling Station,LASBDY10,1844cebe-ff9c-465b-b651-17c05b31d221
6.6215289,3.4809309,,Point,LA,GRID,Saf Petroleum,LASIKU22,18571a2e-ac2a-4f51-a204-cba2f3f337bc
6.5410534,3.3101302,,Point,LA,GRID,Rivet Specialist Clinic,LASOIO12,1879fb51-c319-4931-883c-1b604122de3b
6.6795533,3.269685,,Point,LA,GRID,Total Filling Station 2,LASAMO11,18824229-9131-46b8-8027-da8991eb06eb
6.6928933,3.2667717,,Point,LA,GRID,Techn Oil,LASIOE04,19275f70-e2c6-4814-95da-c3c4b9cde06e
6.539102,3.3025357,,Point,LA,GRID,Acorn Filling Station,LASOIO03,194d5a9f-9f31-4e75-b74a-4c7e0bb47542
6.6184783,3.5624767,,Point,LA,GRID,Stir Oil and Gas,LASIKU29,19e72a0f-6d1a-4625-868e-e697a55556e5
6.4487372,3.6109929,,Point,LA,GRID,Edun Oil,LASEOA17,1aac0be5-8ea1-4f1e-a2f4-f05d849824f7
6.5374732,3.3050383,,Point,LA,GRID,Nation Wide Filling Station,LASOIO09,1b51f863-2dd7-42a5-8d23-f052d37192a7
6.5215139,3.3638872,,Point,LA,GRID,Mobil Filling Station,LASMUN05,1b6d1b27-eacb-4d3c-be83-d25f73aad3bd
6.5674193,3.2909897,,Point,LA,GRID,Mobil,LASOIO02,1bd4666a-3c3c-42a2-87ba-328e14708996
6.6163892,3.986206,,Point,LA,GRID,Foltar,LASEPE14,1c79c173-c3c9-4682-9a15-62bd852d334c
6.5995179,3.2682099,,Point,LA,GRID,Olaide Oil,LASAMO16,1c83cab9-f619-4575-b0e4-e3d3f03807aa
6.635132,3.3242425,,Point,LA,GRID,Mef,LASIOE06,1ca29a93-f61f-4f1c-a236-78fd2f7278de
6.6241759,3.3235225,,Point,LA,GRID,MRS,LASAGG01,1cca365b-73d6-4b41-80cf-55d3e1a006a6
6.4935167,3.1511817,,Point,LA,GRID,Total Petrol Station By Four Square Bstop Lagos Badagry Express Road Lagos,LASOJO13,1cd4443a-bd05-4eef-ae8d-522bb969112f
6.60092,3.2455317,,Point,LA,GRID,Shogbade Oil Nigeria Ltd,LASAMO14,1db8be96-1e93-4517-9bae-60638ab793c8
6.59537,3.944935,,Point,LA,GRID,Total Filling Station 2,LASEPE15,1e087cc8-3fad-41c6-b8a3-8fd191316f67
6.4751492,3.6035666,,Point,LA,GRID,Essence Oil,LASEOA18,1e1cc616-6325-4a57-a67f-88540f3bd360
6.6740615,3.316624,,Point,LA,GRID,Moonlight Oil,LASIOE11,1e501aff-0d09-483d-8886-76796138a9c5
6.4734817,2.9606083,,Point,LA,GRID,Pat Anos Oil,LASBDY13,1ecdd663-e7ab-496f-bb60-6b678517f979
6.6657733,3.2562267,,Point,LA,GRID,Sojuak Filling Station,LASAMO11,1ece8f50-b902-4389-9ad5-47076e473d3b
6.6722134,3.3214802,,Point,LA,GRID,Lado Oil 1,LASIOE11,1ef9df9c-3ded-48b2-8bf6-4abb77f7c1f5
6.5144925,3.3204993,,Point,LA,GRID,NNPC Filling Station 2,LASOIO18,1f01c74d-5539-488c-ad8b-968089e4d9f4
6.5956483,3.352755,,Point,LA,GRID,Total Filling Station,LASIKA16,1fa25f51-7f21-4fc3-9647-10cfca0f5f9a
6.5678545,3.2515027,,Point,LA,GRID,Total Lasu Idimu,LASAMO25,1fcd32ae-b004-4d58-9187-4e1c23e9fcc6
6.6092783,3.4989594,,Point,LA,GRID,Simart Filling Station,LASIKU05,1fd2175d-a686-4de8-8305-22fc331c4b11
6.5339551,3.3060543,,Point,LA,GRID,Mobil Filling Station,LASOIO03,20024792-b6ae-4e94-92ba-a594afedf6ae
6.5302391,3.217016,,Point,LA,GRID,NIPCO Filling Station,LASAMO08,20c8b3bb-1883-48f6-99d0-a00a651b22fa
6.4394302,3.9323171,,Point,LA,GRID,KB Filling Station,LASIUI08,20ea532c-43d2-44ef-a753-b34db3854643
6.6359733,3.3363867,,Point,LA,GRID,Taibod Filling Station,LASIOE10,210b33e1-5223-417d-907f-d7e8b4086c29
6.4163891,2.8594113,,Point,LA,GRID,Forte Oil,LASBDY06,2133f6fc-864b-4b54-af6b-2abcb4c8ec74
6.5947334,3.3034525,,Point,LA,GRID,Mobil Filling Station 2,LASAMO35,22923260-ffd5-4bf1-9c68-fbe3017fb659
6.4295315,2.8921753,,Point,LA,GRID,MRS Filling Station,LASBDY03,229b0fdc-04c9-4dc6-be3b-99cf3d7f869d
6.6345883,3.2558738,,Point,LA,GRID,Beta Silver Crown,LASAMO06,229de514-f4cf-49fa-b214-776bd7031a41
6.5539083,3.3027793,,Point,LA,GRID,Wheel Oil Filling Station,LASOIO02,229fbb2c-7b93-4a8f-9cc2-8e439ddf03cb
6.6121171,3.940227,,Point,LA,GRID,Conoil Filling Station,LASEPE15,23215552-aa4a-469f-891d-18818b99b695
6.6402297,3.3580156,,Point,LA,GRID,Amuf Nigeria Ltd,LASIKA08,234b535a-d4db-4d41-9f41-4f8771989e99
6.4907423,3.1747952,,Point,LA,GRID,Royal Symbol Nigeria Ltd,LASOJO05,23739c70-67b2-47d5-ace9-69d09fddbbe0
6.5398033,3.3553917,,Point,LA,GRID,Mobil Filling Station 1,LASMUN12,237cdc0c-8d44-4d89-9b1e-794804ca1cdb
6.6229573,3.3243139,,Point,LA,GRID,Hayday,LASAGG13,24019bdf-a4fd-438d-a481-c3dd5ce3cd21
6.6405064,3.987399,,Point,LA,GRID,Agbolade Oil and Gas,LASEPE15,252b3a84-0db1-4fe0-a455-88ba4bf455ac
6.5999367,3.3825117,,Point,LA,GRID,Total Filling Station,LASKSE04,25d329e0-936b-49e9-90e9-6a925169e5fa
6.5598854,3.4759449,,Point,LA,GRID,Oando Filling Station,LASIKU13,25d77fc8-df1f-40f5-88df-6536628bfa16
6.4613119,3.3928642,,Point,LA,GRID,Bovas Filling Station,LASLID10,25f7d9cf-eb67-4076-a797-7a87ff46ea8b
6.4763987,3.7643676,,Point,LA,GRID,Con Oil Filling Station,LASIUI05,262d4f8e-b156-4ed7-a0f8-a6d152f12a5f
6.4855133,3.056915,,Point,LA,GRID,Sea Bird Oil,LASBDY08,26c430fd-7c98-472e-aad1-9223af69fe22
6.47844,3.5699617,,Point,LA,GRID,NIPCO,LASEOA03,26e1a13b-b40b-408e-9912-383973e283e0
6.505689,3.378202,,Point,LA,GRID,Mobil Filling Station,LASLMD05,2775abe0-fdcd-4f31-ae89-6ef3d66bd34c
6.6700623,3.3240903,,Point,LA,GRID,Rab Oil Filling Station,LASIOE11,27c55fe0-cd89-4d2c-92cf-2d47452903dc
6.3834132,2.7432722,,Point,LA,GRID,Labisky Oil and Gas,LASBDY10,282cd805-7418-4201-94bb-ff1074fa4d41
6.6197397,3.4759203,,Point,LA,GRID,Mallo Oil,LASIKU22,284cc80c-48a5-46d6-aaea-194dce84827b
6.5524517,3.22547,,Point,LA,GRID,Omolad Filling Station,LASAMO17,287d4975-5d93-418f-8346-ee5f93f42cdd
6.599815,3.365215,,Point,LA,GRID,Total Filling Station 2,LASIKA15,28b5c935-cae3-4d2b-a696-ca422deb1574
6.4406983,3.5311983,,Point,LA,GRID,Opposite Twin Lake Estate,LASEOA15,29099885-d576-488c-b7cc-410200ae1b23
6.4919223,2.988406,,Point,LA,GRID,Filling Station,LASBDY13,292814ae-796f-48fa-8a16-5000191246a5
6.5188893,3.3181242,,Point,LA,GRID,Forte Oil,LASOIO14,294c543a-9a21-4f4e-aa86-66ffeace1b7d
6.5616788,3.2712109,,Point,LA,GRID,Metrotech Petroleum,LASAMO28,29563e75-4388-44d1-b6ca-c732f5adbd53
6.4177783,2.7293776,,Point,LA,GRID,Penafort Filling Station,LASBDY10,2aeee152-7027-4d24-bbad-80b45fceafb5
6.5350068,3.3055325,,Point,LA,GRID,NNPC Filling Station,LASOIO03,2b442039-397f-4fc2-81d0-d24d0fc4b6ad
6.4582233,3.139225,,Point,LA,GRID,Sacao Oil Nig Ltd,LASOJO03,2b81ed9b-5663-4368-acf5-e3ce45ab0667
6.51486,3.2649133,,Point,LA,GRID,Total Filling Station,LASAMO24,2bcb6b8b-1141-4f58-8ddb-da612fe1a28b
6.6813088,3.9825595,,Point,LA,GRID,Inter Citadel Oil Co Ltd,LASEPE13,2c300f2b-8503-45bb-ae3a-44a1cef0803b
6.4800501,3.1425704,,Point,LA,GRID,Forte Oil Filling Station,LASOJO13,2c945a31-c56d-49fb-a4f7-b573fddc2463
6.4833217,3.0433656,,Point,LA,GRID,Annig and Nowas Limited,LASBDY08,2ec3ccec-71b7-402b-9a24-a93a7cfa1d80
6.5037401,3.1995536,,Point,LA,GRID,Forte Oil,LASOJO04,2f2db03d-31d4-41d3-aca5-85fc84ca5b51
6.6605773,3.5057304,,Point,LA,GRID,First Funtad Filling Station,LASIKU06,2fce8469-d1c7-4340-a4b4-5380d01f3c7b
6.6085868,3.2852031,,Point,LA,GRID,Moj Filling Statiom,LASAMO29,3066ee92-85c3-439a-9ee1-78ac657f4906
6.3837298,2.7402293,,Point,LA,GRID,Forte Oil,LASBDY10,309d26bb-7400-4463-992e-980ba8189186
6.6069251,3.2631133,,Point,LA,GRID,Firstroyal Filling Station,LASAMO02,30b9a17d-e03d-44ca-8e2d-813ba915ebfc
6.5698633,3.302635,,Point,LA,GRID,Petroleum Managers,LASOIO02,30c523ed-e2e6-4535-b9a4-a3c94bb626b2
6.6035074,3.2934092,,Point,LA,GRID,Forte Oil Filling Station,LASAMO10,30efd25c-64a8-4d8a-8bde-09c8e8b6c32a
6.6448322,3.3151659,,Point,LA,GRID,Alinco Filling Station,LASAGG08,3144c9b7-460c-4efa-922a-6cdda2397ced
6.3841402,2.7336639,,Point,LA,GRID,Mayus Oil,LASBDY10,32471e77-0752-422a-8f0d-5a72d1bb2a01
6.5328744,3.2186971,,Point,LA,GRID,Sungaz O Petroleum Nigeria Limited,LASAMO08,32ec3338-275d-4abb-89a9-491792337f27
6.5843667,3.3065783,,Point,LA,GRID,Oando Filling Station 1,LASAMO30,3311402c-8989-4621-9a3b-0c2d21e445d1
6.6619864,3.519995,,Point,LA,GRID,Fortis Filling Station,LASIKU03,337191d5-e290-460a-a4cd-ab6ca6e82bc1
6.473151,3.3126226,,Point,LA,GRID,Ton Tan Limited,LASAON04,33c47279-557b-4451-a211-1b3306048332
6.6822517,3.29749,,Point,LA,GRID,Lado Oil,LASIOE08,33f4411e-1522-4b8f-9ede-a2c4cfd51f80
6.4557994,3.2605892,,Point,LA,GRID,Oando Filling Station,LASAON08,34edde73-8890-4442-ab22-441e2fd87629
6.6411545,3.5149951,,Point,LA,GRID,Mallo Filling Station,LASIKU06,3528350b-de3b-480c-af46-e66c6d507787
6.4651877,3.3345294,,Point,LA,GRID,Femoye Oil and Gas Ltd,LASATO03,355544b1-81ac-41c2-8d10-80d65e9848d9
6.5650448,3.2397227,,Point,LA,GRID,Alanamu Fuel Station Ltd,LASAMO23,35646551-8785-4ddb-950d-e5dc2763723c
6.6219334,3.2570292,,Point,LA,GRID,Palm Petroleum,LASAMO07,3570be58-22d9-4ec9-b4e8-ae05d4137840
6.6198777,3.2921836,,Point,LA,GRID,Gas Filling Station,LASAMO32,3571c735-98a3-48d0-b00a-bb5c1bda5dd3
6.6316764,3.5400767,,Point,LA,GRID,Be Happy Filling Station,LASIKU29,35cf00a0-5154-4731-ad1d-92ed0358a2a7
6.5823137,3.2107132,,Point,LA,GRID,Belbees Oil and Gas,LASAMO15,35e082be-ed36-4ee9-9f26-1ec0bb6e6792
6.5360328,3.3492224,,Point,LA,GRID,NNPC Filling Station,LASMUN12,3651738b-4126-4624-b7a7-2b50732d3f50
6.6090046,3.3540202,,Point,LA,GRID,Mobil Filling Station 2,LASIKA04,375319f2-47ca-4e4a-a775-d7b28113735f
6.4267879,2.8916415,,Point,LA,GRID,NNPC Filling Station,LASBDY18,3768dbdf-efdb-4052-846e-4b89bd3b5752
6.4542567,3.4032667,,Point,LA,GRID,Total Filling Station 2,LASLID12,37922377-0345-4a3b-8831-80741aa51a0e
6.5771183,3.2756917,,Point,LA,GRID,Petrocam Filling Station,LASAMO28,38b597e7-2f01-4d55-9958-f592dcc2b50b
6.4720425,3.3162262,,Point,LA,GRID,MRS Filling Station,LASAON04,3930de88-01d2-40b5-b43d-b8d03ecf43de
6.5404558,3.2962828,,Point,LA,GRID,Forte Oil,LASOIO03,394c3436-f126-494e-a8fa-73cd909957b2
6.6094972,3.3700737,,Point,LA,GRID,Conoil Filling Station,LASKSE21,39fd6e99-4c5b-4233-bfbb-5052266c66a7
6.604691,3.4941466,,Point,LA,GRID,Mobil Oil,LASIKU15,3aa1666f-6098-426f-a5cb-2bd23b0b8591
6.454755,3.55573,,Point,LA,GRID,Oando Filling Station,LASEOA08,3ad0bbc1-c1de-4862-9071-ffd91e84b87d
6.6150868,3.2976478,,Point,LA,GRID,Mobil Filling Station,LASAMO32,3b5d0177-024c-42a6-8b08-5fd1d4369624
6.4975287,3.1169643,,Point,LA,GRID,Forte Oil Petroleum Station,LASOJO06,3bd7f659-8692-4730-9b29-e792271eb971
6.6071791,3.2277605,,Point,LA,GRID,Afola Oil And Gas,LASAMO14,3c0e1989-8fc4-42cf-9fa7-a7bdef2756d4
6.6222548,3.2895034,,Point,LA,GRID,Omolad Oil and Service,LASAMO04,3c10b0e4-81cd-4b69-9b7d-dbf5fe1dcaec
6.419655,2.7530132,,Point,LA,GRID,Excel Station,LASBDY10,3c37f919-9607-4c14-9781-9dfa1b458d37
6.4757704,3.7480697,,Point,LA,GRID,Zone 4 Energy,LASIUI05,3cc79950-8746-48d1-89c3-3662502ab103
6.3963918,2.8399955,,Point,LA,GRID,Filling Staion,LASBDY05,3cdf1703-b71a-48e9-86fc-1870d404d92b
6.4726256,3.7265957,,Point,LA,GRID,Davitech Oil,LASIUI04,3cfc06d5-56c7-4a07-a17d-73778bba80e8
6.6118599,3.9878356,,Point,LA,GRID,Fowobi,LASEPE14,3d19a82b-c93c-4584-8374-bc26fb5ec084
6.639372,3.323883,,Point,LA,GRID,Conoil,LASIOE06,3dcfd95c-3cf5-4f6f-bb6d-20556c27a8d3
6.636357,3.3414909,,Point,LA,GRID,Nationwide Filling Station,LASIOE09,3e51d181-884c-4827-be41-2a3305ae9402
6.5291601,3.3094604,,Point,LA,GRID,MRS Filling Station,LASOIO17,3e9097ae-069b-4535-99c1-91f7ee029a71
6.6664053,3.2776258,,Point,LA,GRID,Energy Petroleum,LASAMO06,3f5867e8-0480-4b26-a946-eb01354bdb5d
6.6481583,3.3620283,,Point,LA,GRID,Nationwide Oil,LASIKA08,3f614efe-be7b-4562-825e-64e063a04354
6.649686,3.3085173,,Point,LA,GRID,Mobil Petrol Station Charity Road Abule Egba,LASIOE01,3fbbf0eb-73ae-41a5-88f7-734f0693e5b6
6.5189883,3.3855014,,Point,LA,GRID,MRS Filling Station,LASLMD02,40e3ecb0-403f-4996-8a27-8fd138c8b8d8
6.657495,3.2935466,,Point,LA,GRID,YTK Filling Station,LASIOE01,41da8446-4e4c-4111-80b3-cef1e8a01572
6.4337631,3.4845691,,Point,LA,GRID,MRS Oil,LASEOA10,4216b6cd-94e4-4818-853c-b143f96e8ced
6.5849968,3.3414422,,Point,LA,GRID,AP,LASIKA06,427b4c97-65ab-4a93-98cc-01dcb60e72fb
6.611091,3.3691816,,Point,LA,GRID,Total Filling Station,LASKSE21,429e702f-6948-4f11-98b1-27c7f1a118d8
6.5300092,3.259505,,Point,LA,GRID,Admos Oil,LASAMO24,42c1bdea-6fe5-4959-8538-ede5ce1da66c
6.6145494,3.510553,,Point,LA,GRID,Bisfun Petroleum,LASIKU17,43d99c4c-ce8c-4cae-8d99-6c4ea8cfecc1
6.655949,3.2938871,,Point,LA,GRID,NNPC Filling Station,LASAMO05,4495022c-493e-48d5-9743-3521809d332a
6.6504617,3.3593817,,Point,LA,GRID,Ave Filling Statiom,LASIKA08,44cf7644-65d8-4740-8359-03d56ee9e43d
6.6671523,3.3074945,,Point,LA,GRID,Muheeb Filling Station,LASIOE14,44eee0ee-c053-435a-8f16-2d040581142e
6.6205708,3.5566769,,Point,LA,GRID,NIPCO,LASIKU29,4501027d-2a89-4b53-a82d-6523f152edcd
6.6374513,3.3235627,,Point,LA,GRID,Imola Petroleum,LASIOE02,454fce77-1f0d-4dd7-bea2-939ac7d836dd
6.5295221,3.3123616,,Point,LA,GRID,YTK Filling Station,LASOIO17,4559c3db-bf09-4bdd-96bf-17ed85be6823
6.5637053,3.280423,,Point,LA,GRID,Addy Cojak Petroleum,LASAMO22,45a53dfd-29c4-447e-b587-7bfc7657ed47
6.6004603,3.2438233,,Point,LA,GRID,Fashola Larafas Oil,LASAMO15,4607b9d4-ebfa-455a-b9d8-5bbe185855cb
6.4747202,3.6060253,,Point,LA,GRID,Enyo,LASEOA18,464b5cba-d8b3-4d53-8e7a-d83aba101e2c
6.5971921,3.2643817,,Point,LA,GRID,Best Filling Station,LASAMO16,46f22aab-da17-48c4-9820-05d61920526b
6.4407334,2.9383734,,Point,LA,GRID,Namos Oil I,LASBDY03,46f7a429-16da-49d6-950f-67493908203f
6.5397906,3.2839908,,Point,LA,GRID,Lado Oil Filling Station,LASAMO18,4736eadb-7da0-4fb7-bda1-f06bf7536c1d
6.4834002,3.3028858,,Point,LA,GRID,Capital Oil Plc,LASAON04,4798f365-9068-4a4e-ab12-289dff680499
6.4176259,2.7363129,,Point,LA,GRID,Al Raman Oil and Gas Ltd,LASBDY10,47a5d0bd-cdc9-4b14-9d8d-4a8299445e55
6.6076758,3.3695492,,Point,LA,GRID,Total Filling Station 1,LASKSE11,47b6d365-8341-4efd-b676-3f874285e758
6.503215,3.181615,,Point,LA,GRID,Oluwafemi Aworolo Filling Station,LASOJO04,488931f2-c734-4654-867f-5cb021cc4020
6.4716317,2.9959817,,Point,LA,GRID,Petrotec Oil,LASBDY08,48b2242c-5bc7-4851-9a30-787162fe0e8f
6.5304275,3.3809804,,Point,LA,GRID,Forte Oil Station,LASSMU04,493ba806-cf09-40ad-97bd-3fc50cabac7d
6.5092096,3.3120667,,Point,LA,GRID,Jezco Filling Station,LASOIO07,4a35cb4a-f55f-47e3-87bb-ddbfb555c3f3
6.5945063,3.2833284,,Point,LA,GRID,Amuf Nigeria Limited,LASAMO33,4a604e65-2b5b-4de3-92c0-8f40bd2d19c6
6.6560367,3.30773,,Point,LA,GRID,Rab Oil Babs Ladipo Road,LASIOE01,4a681873-ad21-4f24-b702-626c8d98045a
6.6040791,3.2747941,,Point,LA,GRID,Forte Oil Filling Satation,LASAMO21,4afc37c3-a69b-4be1-9824-bbab5a422b81
6.6759984,3.2931121,,Point,LA,GRID,Mass Filling Stationary Agbado Ijaiye Road,LASIOE07,4bf828e8-c779-41ae-9a87-3cba101e44b1
6.4926495,2.9900759,,Point,LA,GRID,Nuradeen Investment Nigeria Limited,LASBDY13,4c06c2ab-2c92-473c-a239-abe34ac4b011
6.3843743,2.7575474,,Point,LA,GRID,Chibaz Oil and Gas,LASBDY10,4cb89add-5a9d-430d-8b47-a7ecb919bdfc
6.5597561,3.3345156,,Point,LA,GRID,Mat Filling Station,LASOIO16,4cc8ea56-2937-46ba-854c-0b453a580a91
6.6037807,3.2690464,,Point,LA,GRID,Conoil Petrolium,LASAMO16,4d002afc-784c-4f46-be1c-2fde1b370110
6.4368879,2.7207939,,Point,LA,GRID,Adex Twins,LASBDY17,4d1824bd-3321-481a-813d-8d6760f39095
6.5658365,3.5342061,,Point,LA,GRID,Bubanik Venture Ltd,LASIKU01,4d26f9a0-49c1-4cf5-8fd2-97ceadba39ca
6.6078054,3.5920105,,Point,LA,GRID,Mobil Oil,LASIKU04,4d2978ca-b5a8-4eaa-9ddc-810d7157b09e
6.4546417,3.3510667,,Point,LA,GRID,Alayabiagba Filling Station,LASAPA10,4d375033-3012-4e3e-a1b9-4153b86f354c
6.6630179,3.2856897,,Point,LA,GRID,Dee Jones Filling Station,LASAMO05,4d644c0c-0127-436e-a9a2-d8ea3ac64dd0
6.5455635,3.2347688,,Point,LA,GRID,Dapsey Oil,LASAMO17,4da3f9f8-6766-4209-ab7e-0c963b1a4aaf
6.6639055,3.2828107,,Point,LA,GRID,NIPCO Petroleum,LASIOE08,4de26180-636e-4b92-bd72-476616e6fcc1
6.4894253,3.0719545,,Point,LA,GRID,NIPCO Filling Station,LASBDY08,4e4f48d2-9a9f-4e06-b676-45a528ec0e1b
6.3956727,4.1993098,,Point,LA,GRID,Shogo and Son s Oil,LASIUI03,4e95d9fd-8cb3-4a33-9bce-c7ea54de6e26
6.6276563,3.2933928,,Point,LA,GRID,Salbas Oil and Gas,LASAMO31,4ea6e048-d9b7-4ae5-be14-472a4863ee96
6.6669786,3.515065,,Point,LA,GRID,MRS Filling Station,LASIKU23,4fa258ee-2e2b-46fd-b821-5e50fdf927b2
6.50535,3.3875417,,Point,LA,GRID,Oando Filling Station,LASLMD04,4fd45d3d-ef40-4344-9e89-d00d554b76d4
6.6781649,3.9847963,,Point,LA,GRID,Todus,LASEPE13,50582e0c-4d48-480c-8507-b7541db8d3ad
6.556425,3.2799467,,Point,LA,GRID,Kaniex Filling Station,LASAMO20,5082be2a-2044-4c11-bea1-df9b63f26981
6.664075,3.281625,,Point,LA,GRID,Total Filling Station,LASAMO06,50c57023-4289-4c33-a1d4-9282c60b0cb9
6.6252497,3.3052917,,Point,LA,GRID,Mobil,LASAGG04,50d73322-931d-4b22-9e10-ca4a77021bcf
6.5163376,3.2533346,,Point,LA,GRID,Adesan Global,LASAMO24,5169c3db-8edb-43fa-8e56-0321ca0ac97f
6.5464373,3.2648999,,Point,LA,GRID,Hansreal Oil and Gas,LASAMO25,518c8184-263b-4ac8-85e1-cffbf527609e
6.4944742,3.1357077,,Point,LA,GRID,Lata Pet,LASOJO06,51def14b-022a-4e81-b603-3f5f24569c88
6.4209633,2.7191283,,Point,LA,GRID,Zacdow Nigeria Limited,LASBDY17,522962ab-1366-4a3a-a006-d302ba57fbb8
6.5905633,3.3803567,,Point,LA,GRID,Total Filling Station,LASIKA11,524ed067-cb4a-4542-8038-04a12c9f6fc7
6.4877183,3.1988669,,Point,LA,GRID,Ghegee Petrol Station,LASOJO05,52663aeb-0692-4e1c-818f-eaa71871b5d0
6.622715,3.3125167,,Point,LA,GRID,Ajoke International Resources,LASAGG10,53b0fa5f-e99f-446b-8982-e10ead24743e
6.4848518,3.0534894,,Point,LA,GRID,Lubi Oil,LASBDY08,54080742-780c-4caa-a9d2-66bd84d858f3
6.6631117,3.285515,,Point,LA,GRID,Deejones,LASAMO05,54855582-a4d2-4c24-b916-64092d774592
6.4700888,3.3222611,,Point,LA,GRID,NNPC Filling Station,LASAON04,55f98731-2926-4812-a2aa-aab94e3dda09
6.6037582,3.4937327,,Point,LA,GRID,Malok,LASIKU15,56846205-727f-4a9f-b723-20c08c3a12e2
6.5285483,3.2379837,,Point,LA,GRID,Fidelity Energy,LASAMO01,56fed77d-a29c-463f-af31-706eca504fb7
6.5664064,3.2919139,,Point,LA,GRID,Habol Petroleums Limited,LASOIO02,573857a5-437e-49cf-914f-da3f3386a34a
6.5338741,3.2468213,,Point,LA,GRID,Akintech Filling Station,LASAMO01,5764e498-de59-456b-bd89-9a2f5fb22b30
6.5664626,3.2768567,,Point,LA,GRID,Forte Oil,LASAMO28,578a56ce-3dc2-474b-9db5-2aaac3747916
6.4753833,3.019055,,Point,LA,GRID,Wah Filling Station,LASBDY08,57b64146-6da5-4d91-aee9-bc04012d3204
6.4904912,3.3798123,,Point,LA,GRID,Total Filling Station,LASLMD03,57d4eb34-4e2e-4f6b-bc80-1ef7ea9cb65a
6.4366055,2.9765183,,Point,LA,GRID,A World Petroleum,LASBDY04,58709f2f-59c9-421c-878f-8a38b0ad929d
6.4616824,3.1473884,,Point,LA,GRID,Siblings Oil and Gas Ltd,LASOJO03,587f2e92-a672-4c25-b1eb-aa4aa0141a96
6.6484221,3.3230609,,Point,LA,GRID,NNPC Filling Station II,LASIOE02,58913c68-4185-4bac-b700-e9cf6a59fa79
6.5930801,3.287419,,Point,LA,GRID,Al Moruff,LASAMO33,58b4babf-27c3-4214-be80-1d81ed9ff79f
6.4585183,3.5549933,,Point,LA,GRID,Northwest Filling Station Ajah,LASEOA04,59b7cf4a-98c3-4f0d-bc30-176db56c57a1
6.6595617,3.2917535,,Point,LA,GRID,Nocy Filling Station,LASAMO05,59fc1074-325e-4059-b265-e6f5773d8835
6.6184068,3.4598632,,Point,LA,GRID,Gadfly Oil andGas,LASIKU22,5a6456a2-f3b3-4712-878a-c136185e1453
6.4282724,2.8928968,,Point,LA,GRID,Ascon Filling Station,LASBDY02,5a692462-5a43-4174-b4a3-00b0b5c39ae7
6.5045305,3.1698793,,Point,LA,GRID,Ibukun Olu Abdul Azeez Nig Ltd,LASOJO05,5a7618af-527a-4a00-a044-6a0f149dfef1
6.6389216,3.3129208,,Point,LA,GRID,Magic Fx,LASAGG12,5abda732-27a6-47f3-8878-a976198575f5
6.4675554,3.1950891,,Point,LA,GRID,Conoil Filling Station,LASOJO05,5aef0113-c6e9-445b-b283-6da2c5d34869
6.6124083,3.5758143,,Point,LA,GRID,Dikram Oil and Gas Ltd,LASIKU29,5b165ed6-1b75-4fb0-95b2-6355081ae2ac
6.4558133,3.13902,,Point,LA,GRID,Omoowo Nig Ltd,LASOJO03,5b5019e8-e9ae-431b-8a86-1a92d4fb1680
6.5810171,3.5256536,,Point,LA,GRID,Mobil Filling Station,LASIKU01,5c500541-b81c-4d53-9789-3cdf40151c35
6.6208517,3.3531889,,Point,LA,GRID,Mobil Filling Station,LASIKA04,5d0e2355-72e9-4392-96bc-39c6a230c626
6.5747783,3.28211,,Point,LA,GRID,Peridot Oil and Gas,LASAMO28,5e8df626-84c2-4ea6-bb5d-5825fd805684
6.4686417,2.9606583,,Point,LA,GRID,Mofatol Petroleum Ltd,LASBDY07,5ea2a782-31cb-4cd3-9a40-d9d632d6cda0
6.6198748,3.4746932,,Point,LA,GRID,Mobil,LASIKU22,5ecd7cfa-8a4a-4a1a-b52b-5970a01a065f
6.4904183,3.159352,,Point,LA,GRID,Fabsons Petrol Nigeria Ltd,LASOJO05,5ed913d9-4624-4d0d-8f70-e44f6ebd88d1
6.4815918,3.3706375,,Point,LA,GRID,Conoil Filling Station,LASLMD08,5ef35da8-8d04-4b83-8752-753f1a8cf7cf
6.4419742,3.3723989,,Point,LA,GRID,Conoil Filling Station,LASAPA02,5effcab7-7b17-4259-bdaa-da373082b689
6.6245683,3.3129017,,Point,LA,GRID,Petroleum Managers,LASAGG10,5f13697e-f589-4ce8-8a9b-c4e04dcf7780
6.4556831,3.3597527,,Point,LA,GRID,Mobil,LASAPA05,5f5974d1-edd7-425a-a2bb-2e40933f8e31
6.5817371,3.2836362,,Point,LA,GRID,Afro American Wealth Oil and Gas Limited,LASAMO36,5f7c8c08-df41-4520-97d0-21f46ac478e0
6.5033983,3.1816167,,Point,LA,GRID,Oluwafemi Filling Station,LASOJO04,608df2f9-1c90-426d-8abc-e749cb288b71
6.5428282,3.3339954,,Point,LA,GRID,Ascon,LASOIO04,6094f831-ff39-4226-8d63-1262b0eca495
6.4430101,3.3699703,,Point,LA,GRID,Fo Filling Station,LASAPA02,609e9dbe-bb44-40cc-9948-1a7a587b042a
6.4739233,3.7760917,,Point,LA,GRID,Tlc Oil,LASIUI05,60bc6ab8-c87c-4ff6-9c1b-1ade9747a1b7
6.5825275,3.5883927,,Point,LA,GRID,Mobil,LASIKU24,619807e6-77f6-4034-b024-2ad5ed704af7
6.6055966,3.2726873,,Point,LA,GRID,Firstroval Filling Station,LASAMO02,61cbc55a-299c-41a3-a9a4-5410652f2f97
6.4754,3.7691867,,Point,LA,GRID,Psg Oil and Gas,LASIUI05,61d00bbe-ba30-40dc-858f-a382be2307b9
6.4213453,2.8535465,,Point,LA,GRID,Mavog Oil,LASBDY06,62019bc6-ba6a-4c36-a5df-fefe4180c18d
6.4853805,3.8792355,,Point,LA,GRID,Fecho Intel,LASIUI01,6214ccc6-8c1e-474f-8910-8e25243652ce
6.4714741,3.8325779,,Point,LA,GRID,Mobil Filling Station,LASIUI10,627011a1-62ee-4ae1-ab5d-08031304f59b
6.5526185,3.2447614,,Point,LA,GRID,Coniol,LASAMO23,628317a6-574f-4203-bd29-3d8551b9ad38
6.3805873,2.7091982,,Point,LA,GRID,Conoil Filling Station,LASBDY10,6345043e-d399-429e-9628-64e4fa4f4769
6.6363111,3.3363737,,Point,LA,GRID,G and G Filling Station Yaya Abatan Road Ogba,LASIOE09,634de823-2302-4884-b50c-b69655c69f31
6.6544767,3.3109167,,Point,LA,GRID,NNPC Filling Station I,LASIOE02,63620566-4980-459a-a7ed-bbebbf1cd6b6
6.591725,3.984275,,Point,LA,GRID,SkyteamEpe Service Station,LASEPE06,637de7fd-4879-4386-b59f-f31da769ccc5
6.3967736,4.1903154,,Point,LA,GRID,Vaba Oil,LASIUI12,63e19bb3-7490-496e-86fd-943097eab7cc
6.5588881,3.2703901,,Point,LA,GRID,Energy Petroleum,LASAMO22,63ea445c-4c26-4dbc-a1b3-02cacb3e7642
6.5079517,3.3784383,,Point,LA,GRID,Oando Filling Station,LASLMD15,6400b78d-c36f-4252-ba71-1e2d8eddbd0b
6.6262916,3.3099575,,Point,LA,GRID,NIPCO,LASAGG04,6489ca87-7b64-4e11-b8d2-1ed1a7a0b01e
6.6729183,3.4497083,,Point,LA,GRID,Adb Petroleum,LASIKU16,64b6070e-bc8c-413e-9800-0063c6496280
6.455485,3.5547917,,Point,LA,GRID,Oando Filling Station Off Lekki Express Way,LASEOA04,65d8538d-8add-4699-993e-afd460c20856
6.5209094,3.257752,,Point,LA,GRID,Conoil A,LASAMO24,65eece5d-c316-4d66-8436-49ead5f25d53
6.4507943,3.3671147,,Point,LA,GRID,Fo Filling StationApapa,LASAPA04,66116b27-7405-4510-9edb-2300f77b4814
6.4813983,3.0286467,,Point,LA,GRID,Oyobo Global Int Oil,LASBDY08,673dfc66-52c7-4987-9e43-a01fdd5c1495
6.4157166,4.0925987,,Point,LA,GRID,Forte Oil 1,LASIUI06,680b2fdb-da66-408a-806f-556ecbd85962
6.630795,3.519595,,Point,LA,GRID,NNPC Filling Station,LASIKU20,689bc806-5a88-437a-9b8a-6d12ec887364
6.5767878,3.3066704,,Point,LA,GRID,Easy Life Petroleum,LASAMO30,6a829604-c186-445f-9ec6-828ca3849cc5
6.6644526,3.3122086,,Point,LA,GRID,Mohagafar,LASIOE14,6a961e75-5732-4c0b-a921-24aa6b05a9f2
6.5446317,3.2341733,,Point,LA,GRID,Tao Oil and Gas Service Limited,LASAMO17,6aec628d-cb96-4cf2-9714-53c25d31f51e
6.608199,3.6318608,,Point,LA,GRID,Bissam Oil,LASIKU07,6b35b4e7-78c1-40ec-bcb2-a6e6cc73b518
6.4173835,2.7346686,,Point,LA,GRID,Joas Resource Nig Ltd,LASBDY10,6b52d4f9-81a8-49a4-adf9-a409c9a055ed
6.5639778,3.250506,,Point,LA,GRID,FBM Nig Ltd,LASAMO25,6b5dac5c-6a76-4dc1-91bc-1b78cc47a857
6.4346769,3.490575,,Point,LA,GRID,Conoil,LASEOA10,6b6c674a-8f14-4251-8dff-0bcdd6a087e3
6.4206033,2.7104717,,Point,LA,GRID,Still Under Construction,LASBDY17,6b78d25e-85ef-420d-9734-ce7cff225653
6.475247,3.6063944,,Point,LA,GRID,Petrocam,LASEOA18,6b89044e-5248-45a4-bf2c-d0b51c5cc205
6.4652826,3.1450637,,Point,LA,GRID,Total Filling Station,LASOJO07,6bad9332-4aca-4387-8b0f-bb7b18e4a42d
6.4727429,3.5983575,,Point,LA,GRID,Forte Oil,LASEOA18,6c2ec7aa-9cbf-497e-9308-34e72ec09d1f
6.503945,3.184385,,Point,LA,GRID,Total Filling Station 1,LASOJO04,6c38d484-c272-4394-8631-ac4966446d54
6.6175612,3.2987746,,Point,LA,GRID,General Oil Filling Station,LASAMO12,6d18ed77-ce1f-4eb0-8ddb-2000c51457fa
6.4385619,2.958964,,Point,LA,GRID,Filling Station,LASBDY04,6d6ef978-d3c2-429e-b34f-554f254781a6
6.6508983,3.5765017,,Point,LA,GRID,Radiant Drop Limited,LASIKU12,6d9ea6ce-16d3-4f36-ad24-deeefb6709f8
6.5011733,3.0229667,,Point,LA,GRID,Arugbo Ode Filling Station,LASBDY13,6e2e9963-4d29-4161-acea-71d69c94daf2
6.5467883,3.2713767,,Point,LA,GRID,Techno Oil,LASAMO20,6e2ffbf8-f551-4eaa-a11c-b24a80343768
6.6406538,3.2813077,,Point,LA,GRID,Ile Epo,LASAMO06,6e30f9c3-5931-4f63-b4a4-0b05a33543b4
6.5951351,3.9450537,,Point,LA,GRID,Total Filling Station 1,LASEPE15,6e392130-34ab-44da-bbe7-e1f66ce15d84
6.466376,3.3613708,,Point,LA,GRID,Forte Oil Filling Station,LASAPA06,6ea18ae8-778a-4848-b3c9-f263b1c391d6
6.4797483,3.02365,,Point,LA,GRID,Omunda Oil and Gas,LASBDY08,6eaa5710-c995-4142-9863-8eeff7f44e9f
6.6455468,3.5178546,,Point,LA,GRID,AA Adewoyin,LASIKU20,6ec61d2c-0343-4d32-b31a-8200b9deab32
6.4390083,2.7181967,,Point,LA,GRID,Providence Filling Station,LASBDY17,6f5082fd-a058-42a2-8ee3-1be20db75dff
6.4719312,3.7131596,,Point,LA,GRID,Debash Filling Station,LASIUI04,6f8a1509-2ff9-4564-b7ec-5c06ef814932
6.4599067,3.1988567,,Point,LA,GRID,Total Filling Station,LASOJO11,6fd2ac0c-e47f-4063-80f5-5155b2e5a3b7
6.4454334,3.3117773,,Point,LA,GRID,Bovas Filling Station,LASAON11,6fd737f4-22e0-40dd-99b2-12f50836d813
6.5297943,3.3280244,,Point,LA,GRID,General,LASOIO05,70329d3c-fac1-47a2-9350-85d1c9553b79
6.6234449,3.4830874,,Point,LA,GRID,Jumlar Petroleum,LASIKU28,70552c06-02bf-4b89-b8f5-21201ba70414
6.5574493,3.2487904,,Point,LA,GRID,NNPC Filling Station 2,LASAMO23,70787eeb-8309-4de5-b702-385c0773b7c9
6.6771617,3.26305,,Point,LA,GRID,Petroleum Managers,LASAMO11,70a8ba40-b0f4-4016-be9d-285f9ba91e67
6.4442983,3.5403533,,Point,LA,GRID,Tyse Oil,LASEOA08,70d84dd4-395b-451e-9f2a-0d03fb4e2a61
6.5757198,3.2593359,,Point,LA,GRID,Aaso Enterprises Limited,LASAMO28,719f1e7e-aca7-4218-934c-dc502acc2c48
6.4495817,3.34012,,Point,LA,GRID,Total Filling Station 1,LASATO13,7216700f-7355-466f-abea-1e631f49c833
6.4464835,3.462082,,Point,LA,GRID,Ascon Filling Station,LASEOA10,728740f4-df38-47c3-a50f-35052473c443
6.4306801,3.4744501,,Point,LA,GRID,Effi Filling Station,LASEOA13,72b4b321-f7c8-4901-bf3f-248648a23925
6.5674464,3.2517709,,Point,LA,GRID,Vog Vitality Oil and Gas 2,LASAMO25,72bf8846-3a25-42cc-ad77-5853bed35336
6.4902302,3.2986453,,Point,LA,GRID,NIPCO Filling Station,LASOIO07,72d04b5c-95cd-483f-9472-c536c47d3dfb
6.5288335,3.3224345,,Point,LA,GRID,Capital Oil Plc,LASOIO14,7301b89b-ac59-4d9c-bd5d-4f975ec2a5cd
6.5870809,3.3987298,,Point,LA,GRID,Eskay Petroleum,LASKSE07,7348f747-a871-455c-bd49-4a0b8b8c2402
6.5270067,3.3355783,,Point,LA,GRID,Peridot Oil and Gas,LASOIO13,736de510-758f-409c-8441-7e0f69ef8221
6.3837067,2.7342983,,Point,LA,GRID,Oando Oil,LASBDY10,7374c85c-687e-478d-843b-330dfcb02dcd
6.3838932,2.748968,,Point,LA,GRID,Best Sea Ltd,LASBDY10,739bffff-9a42-45c0-bcc9-4829c13dce73
6.617811,3.3264052,,Point,LA,GRID,Mobil,LASAGG05,74041b25-ffe7-474f-8ec2-0503125873cd
6.4887067,3.14126,,Point,LA,GRID,Prana Petrol Station,LASOJO13,75061f9b-f102-4d47-8b7b-357bf6e8d0ec
6.6308877,3.5083757,,Point,LA,GRID,Banuso Nig Ent Ltd,LASIKU26,752911ca-e274-4d64-b2a8-7bc11257ae3d
6.5422017,3.2812,,Point,LA,GRID,Sadeah Filling Statiom,LASAMO20,75e65cc9-6e65-40be-95cf-e1d87756b90f
6.6710183,3.5726983,,Point,LA,GRID,Radiant Drops Limited 2,LASIKU12,76156e88-0844-4b53-94b1-d842607796cc
6.5314052,3.218123,,Point,LA,GRID,Bwa Filling Station,LASAMO08,765588aa-7ae0-4040-8ad6-61f043da1ded
6.4650217,3.5615383,,Point,LA,GRID,North West,LASEOA03,767bd421-a7f6-4c13-b5fb-ad5ba43cfd7e
6.4666167,3.3641433,,Point,LA,GRID,Jokonath Filling Station,LASAPA08,7775d15c-2ac5-4fbe-b47f-f6d630526723
6.6713512,3.5724619,,Point,LA,GRID,Radiant Drops Limited 1,LASIKU12,77d8895a-31df-49e8-839b-39bd8b5c424c
6.4167377,4.0832936,,Point,LA,GRID,Ap Filling Station,LASIUI06,77dd3978-dd19-4891-987f-7dc519c7217a
6.541795,3.333645,,Point,LA,GRID,YTK OIL,LASOIO04,77e81332-4fc3-4145-9ca9-b8153c4cdbd7
6.5367939,3.2204619,,Point,LA,GRID,S O T Filling Station,LASAMO08,79dcafbb-0922-460a-9620-20de1ab8964e
6.4480333,3.4706426,,Point,LA,GRID,Forte Oil Filling Station,LASEOA10,79e5847d-45b8-4c0e-abe1-9b281cf26620
6.6538017,3.2979217,,Point,LA,GRID,Oando Filling Station,LASIOE01,7a0260b0-d8c2-4038-bfd0-d55db28d050f
6.4995283,3.0187467,,Point,LA,GRID,Olaoluwa International Petroleum Limited,LASBDY13,7a86a57d-6f21-4e3a-b522-cd2242cb255d
6.6638226,3.6049408,,Point,LA,GRID,Haktuns Oil and Gas,LASIKU18,7ab984c9-9618-4971-97d8-523c030ccd25
6.6565632,3.4756683,,Point,LA,GRID,Mukaz Petroleum,LASIKU06,7b36d27b-5d22-4160-9007-ca73daf2ec07
6.6076309,3.3693825,,Point,LA,GRID,Oando Filling Station,LASKSE21,7b4e56db-1b3f-4d1d-a4b7-c1e6c87710cc
6.3837417,2.7276967,,Point,LA,GRID,Rakedo Oil Nig,LASBDY10,7b4ee645-346e-432f-9ab0-d77d1e9ee6f4
6.5560233,3.2802367,,Point,LA,GRID,Quarters Energy Cooking Gas Station,LASAMO20,7bb5c53f-53e3-41c2-9a30-9215f7c745de
6.6475669,3.5174087,,Point,LA,GRID,Conoil Filling Station,LASIKU06,7bc601fb-e19c-49db-80d1-1cfaadfff839
6.4718417,2.9939017,,Point,LA,GRID,Filling Station,LASBDY08,7ce490f8-d4d3-442f-8f76-9f9fedc4896b
6.5929094,3.3717613,,Point,LA,GRID,NNPC Filling Station 2,LASIKA11,7d2ae293-d754-4915-b718-7d8fd5124bf7
6.5195146,3.3649175,,Point,LA,GRID,Oando Filling Station,LASSUE04,7d352752-c4e3-46cf-9a56-a1c97444da42
6.4857312,3.05943,,Point,LA,GRID,Adebabs Petroleum Big Ltd,LASBDY08,7d545850-f593-4c7b-8e56-9f2540c3fadf
6.658911,3.4763995,,Point,LA,GRID,Filling Station,LASIKU06,7d724456-e16f-447b-a22a-a2c2826ffc29
6.4862304,3.8871558,,Point,LA,GRID,MRS Filling Station,LASIUI01,7de34f93-f89c-413c-8ae6-646f42b232f0
6.6279963,3.5446864,,Point,LA,GRID,Dukadan Gas Station,LASIKU29,7e2c49e0-8b2f-4e8f-b7ca-35dce3478af1
6.3825817,2.716895,,Point,LA,GRID,Total Filling Station,LASBDY10,7e2ecf31-da64-4b4b-b36f-021fd2be462c
6.6715633,3.3362217,,Point,LA,GRID,Dutum Petroleum,LASIOE13,7e90afd3-0213-4259-abea-af4e163edaa1
6.5989337,3.2945336,,Point,LA,GRID,Firstroyal Filling Station,LASAMO19,7ee3d001-c23b-4443-9161-1b92fd27f29e
6.5077501,3.6061102,,Point,LA,GRID,Kaneal Gas,LASEOA06,7f1a4f0b-d95e-4edf-a9d2-d158d7affaa5
6.4405683,3.3652433,,Point,LA,GRID,Oando Filling StationBombay,LASAPA02,7f58b1c9-6620-4ec5-9342-4d144508b1aa
6.4210703,2.7097729,,Point,LA,GRID,Bemak,LASBDY17,7fae12f5-ddad-4081-9bdd-999b3a87c6d0
6.5541367,3.4757135,,Point,LA,GRID,Mobile Filling Station,LASIKU13,802cd828-6843-47ba-8594-59f775e4ebc5
6.4852157,3.8704125,,Point,LA,GRID,Bisolu Nigeria Limited,LASIUI08,80b36c48-a9a7-48e7-9781-b06193899e95
6.4996643,3.0198919,,Point,LA,GRID,Bar Oil and Gas Ltd,LASBDY13,80e02c63-d0f1-4de8-82fc-36c2d917c83d
6.4631269,3.6734725,,Point,LA,GRID,Rainoil Filling Station,LASIUI04,8160b858-70ea-4d5f-9613-af6c47a7ec81
6.4605508,3.1658068,,Point,LA,GRID,Ife Oluwa Petroleum Station,LASOJO07,81852376-80db-4fc4-9916-48fb8c19a9d1
6.6253209,3.2582507,,Point,LA,GRID,Enyoreteil Petroleum,LASAMO07,82463a4e-a2a2-41b5-918b-e00cd3779471
6.522845,3.2577133,,Point,LA,GRID,Waleola Golden Venture,LASAMO24,8260bace-a864-426a-a8cd-8faedb9dc3c2
6.5824368,3.2131342,,Point,LA,GRID,Adebol Oil and Gas Int Nigeria Ltd,LASAMO15,83c79411-50d7-4464-9042-88e76afed715
6.6082816,3.2590628,,Point,LA,GRID,Conoil Filling Station,LASAMO13,84c4ea6f-5751-45b2-96a1-bfeabf7d2351
6.4741867,3.0125,,Point,LA,GRID,Rolab Oil,LASBDY08,84efd77b-a65c-4e6c-adac-6a021f31cd51
6.5445788,3.2644253,,Point,LA,GRID,Tfk Oil and Gas,LASAMO25,8514f234-7335-4c91-8605-fa8ca2d49815
6.4878713,3.5788362,,Point,LA,GRID,NNPC Filling Station I,LASEOA02,853de359-57be-4006-b9a7-1a5831618274
6.6321651,3.5341327,,Point,LA,GRID,Habeeb Global Oil Ventures,LASIKU29,856239fd-cf89-4daa-9a41-83dbb0905133
6.4828664,3.171307,,Point,LA,GRID,MRS Filling Station,LASOJO01,859dbb55-0032-4eab-b3e3-6344e0128cb4
6.550495,3.2410117,,Point,LA,GRID,Mobil Filing Station,LASAMO23,866ce5b9-6add-4071-ac5e-5e1a8772a43c
6.6880433,3.2617583,,Point,LA,GRID,Total Filling Station 1,LASAMO11,8709ba8c-2ab8-4a34-8416-a6333f3dd008
6.3873497,2.7706621,,Point,LA,GRID,Museg Oil,LASBDY10,875c16a5-08af-468d-8503-17a5d518238b
6.6272998,3.2939568,,Point,LA,GRID,Ramonak Limited,LASAMO04,879c9c98-cf85-49e1-8db6-8a660c2a8823
6.4708162,3.5651598,,Point,LA,GRID,MRS,LASEOA03,87e02cc9-d8ae-4509-bf86-53b579598f8c
6.4714803,3.3251804,,Point,LA,GRID,T Time Petroleum Service,LASSUE09,8865de79-4999-48cc-9ae5-f2ed852154d5
6.41866,2.8874683,,Point,LA,GRID,Oil and Gas Station,LASBDY16,8866dfa9-db31-4546-ab3a-1d2f0f2e405c
6.4683257,3.1431181,,Point,LA,GRID,Gogas Filling Station,LASOJO07,88727703-27c3-4062-b4e5-7a0fb77bf604
6.4819924,3.0288192,,Point,LA,GRID,Ajibade Oil,LASBDY11,88f94bd4-e924-4e2c-9d7a-0306e9aaf3c8
6.6269792,3.3373093,,Point,LA,GRID,Mobil Filling Station Ijaiye Road,LASIKA07,89513ec3-c717-4ceb-be8e-7fdd305e03ca
6.4206683,2.7093817,,Point,LA,GRID,Orenco Oil and Gas Nigeria Limited,LASBDY17,89e3d398-c25a-4eb4-94e2-43227abb6a03
6.6000925,3.2400228,,Point,LA,GRID,Bravo Petroleum Nig Ltd,LASAMO14,8a4dcc4f-f4df-41f8-bfcf-f408f7f53e75
6.4585528,3.1598501,,Point,LA,GRID,Fulhaq International Nigeria Ltd,LASOJO07,8ac25db2-6e25-4562-99f4-9ade2a298e1e
6.6116074,3.4194222,,Point,LA,GRID,NNPC Filling Station,LASKSE22,8ac8c786-675e-4870-a9aa-fe434fa9e458
6.55924,3.2983133,,Point,LA,GRID,Fawal Oil,LASOIO02,8b5dcf52-adf9-4639-bcbf-878e9732700c
6.4838064,3.0404504,,Point,LA,GRID,Akos Pat Petroleum,LASBDY11,8bb83575-4688-4054-8c0f-6e5f9492c31d
6.489634,3.3801969,,Point,LA,GRID,Oando Filling Station,LASLMD09,8c33b96e-3125-41ef-86eb-157febbc637d
6.5611747,3.2495952,,Point,LA,GRID,MRS Petrol Station,LASAMO23,8c84067c-434d-41fd-9a36-9396f350cdc9
6.4798893,3.3501801,,Point,LA,GRID,Gap Energy Resources Limited,LASSUE11,8cd370b6-31db-42c9-a214-c51a34d2cbb1
6.6295,3.319145,,Point,LA,GRID,Top Crown,LASAGG07,8cda0b89-220f-460f-bf31-c4b02550c46d
6.4417062,3.9057627,,Point,LA,GRID,Ebomid Filling Station,LASIUI08,8cf31c94-7d77-42a0-9aa0-6e611a85dc77
6.5357266,3.3052905,,Point,LA,GRID,Roogas Gas Station,LASOIO03,8d60af55-86ab-4a04-8af1-d3da1e57726c
6.4383995,2.9048668,,Point,LA,GRID,Nybo Oil,LASBDY18,8d623568-9d22-48f1-8a1e-919678aac006
6.613235,3.4789067,,Point,LA,GRID,Rem Dabson Oil and Gas,LASIKU22,8d74d68d-ef89-430e-b461-d520fc6cebf9
6.44071,2.9370237,,Point,LA,GRID,Total Filling Station,LASBDY03,8e2bddc9-47cb-4043-8b27-9626328b4e04
6.471864,3.8253615,,Point,LA,GRID,NNPC Filling Station,LASIUI02,8e7dbe8e-3fc1-4082-b994-f560a04f73d8
6.4835649,3.171625,,Point,LA,GRID,Bimppy Oil,LASOJO05,8ed4f9f3-0819-4b03-bc18-3245d357eb35
6.526595,3.3561533,,Point,LA,GRID,Oando Filling Station,LASMUN04,8fb5560a-70b8-4cb5-9c71-bc7dfbd23219
6.5612804,3.3391188,,Point,LA,GRID,Meritan Filling Station,LASOIO16,9036e231-d19e-4077-b068-834996053bb6
6.459829,3.5546633,,Point,LA,GRID,Heyden Filling Station Ajah,LASEOA04,904cedfd-e2ee-434d-81bb-816b5cbfd6a9
6.6019117,3.5181067,,Point,LA,GRID,Oando Oleum,LASIKU02,9098566c-6d6e-488f-ac62-83e38993c848
6.549105,3.2599083,,Point,LA,GRID,Sun Petroleum,LASAMO25,91a9ea1f-8afb-4716-8ee9-59b6489eadff
6.5875901,3.3871309,,Point,LA,GRID,Conoil Filling Station Estate,LASKSE15,91b811d6-e121-40b8-b4fe-a3edcaba165e
6.6289036,3.5120664,,Point,LA,GRID,Azab Mega Station,LASIKU20,92093ec1-967f-45ff-9e0c-bf9de9846378
6.5601975,3.2952856,,Point,LA,GRID,Biscott Integrated Service Limited,LASOIO02,922b67eb-eb9f-448c-ba14-8d7f7884b381
6.4982714,3.090649,,Point,LA,GRID,Fse Filling Station,LASBDY08,9306c700-bbf8-4d82-a115-490a56b25392
6.6909847,3.2628595,,Point,LA,GRID,Muyad Oil,LASIOE04,935744bd-1171-4345-9bbb-11c37e999b76
6.4376877,2.8774473,,Point,LA,GRID,Royal Father Global Services Limited,LASBDY02,935cebb7-2bbf-436c-a058-08e1e774fa71
6.6536724,3.3230887,,Point,LA,GRID,Conoil Filling Station,LASIOE02,936ceac8-522f-44ac-8cef-feeaa9a73796
6.4432583,3.3130667,,Point,LA,GRID,Sot Filling Station,LASAON11,938fecbf-47b2-46e0-a34b-1abe6f6775fa
6.5520208,3.269152,,Point,LA,GRID,Muky Oil,LASAMO20,94a4b251-c774-4ad2-a380-3058c0266739
6.59182,3.6056867,,Point,LA,GRID,Yisgas Filling Station,LASIKU24,952452db-d72c-4281-9637-9de6ebdd4e82
6.4215267,2.7115817,,Point,LA,GRID,Ya Lateef Pet Limited,LASBDY17,95aed11d-76d4-4429-9583-8aedaaa16079
6.5498191,3.2606123,,Point,LA,GRID,Sun Petroleum Filling Station,LASAMO25,95ea0066-51a9-45e2-b8ee-a7d2eec3b308
6.4984542,2.9547334,,Point,LA,GRID,Bright Energy and Gas,LASBDY14,9619fbc9-58c5-49d2-a775-97e4905365f1
6.6232558,3.3644484,,Point,LA,GRID,Mobil Filling Station,LASKSE21,969bf34a-7e10-484e-bf4d-0d0ad4e66cd2
6.6501227,3.7099253,,Point,LA,GRID,Deditex Petroleum,LASEPE01,97175404-1202-4d34-a0c4-77dda12e444b
6.4606995,3.1427037,,Point,LA,GRID,Accessories Sale Refill Repairs,LASOJO03,9728fffb-f961-482e-b853-a61affadaffb
6.6584433,3.2544183,,Point,LA,GRID,Swift Oil,LASAMO11,974b0c5c-b529-4f61-b50e-a3e04770bd9d
6.3839271,2.735852,,Point,LA,GRID,Agbeke Oil,LASBDY10,97be9a64-e8e6-4a72-8d59-5fcd2d4abdd3
6.5327504,3.3073511,,Point,LA,GRID,Fagbems Filling Station,LASOIO12,9a5e72f0-d491-4739-82e9-72c4a345741b
6.4727798,3.7262314,,Point,LA,GRID,Davitech Filling Station,LASIUI04,9a8e530d-3911-43d7-af8c-8e5016677b11
6.5866639,3.9518153,,Point,LA,GRID,Bunvic Filling Station,LASEPE03,9aeebcaf-008b-4c22-bf59-be7a01893505
6.3830017,2.7205283,,Point,LA,GRID,Timmynat Oil,LASBDY10,9b04f904-9be6-4b85-916a-0193fb3a16b4
6.3839878,2.732185,,Point,LA,GRID,Al Sikson Petroleum Ltd,LASBDY10,9b4a0c69-0e98-4ad2-9c12-6b3bde603072
6.4092871,4.1304797,,Point,LA,GRID,Filling Station Apakin,LASIUI11,9b717237-ee4b-48d6-b195-5df8ffd0369f
6.6452231,3.711552,,Point,LA,GRID,Goldline Venture Ltd,LASEPE01,9c9a37cd-2730-4136-9fb2-6c5f48679b17
6.462295,3.1668002,,Point,LA,GRID,Ibukun Abula Azeez Felling Station,LASOJO07,9cd2b57d-6656-4c4b-891b-09f5be3734b0
6.4196117,2.713555,,Point,LA,GRID,Filling Station 2,LASBDY17,9cd7bc2a-99af-4973-8eae-5e4f9c45e2fc
6.4736121,3.3363596,,Point,LA,GRID,General Oil Limited,LASSUE09,9d593b7d-2bfa-45c1-8ca8-56af4fe7edcd
6.4718465,3.8114764,,Point,LA,GRID,Fo Fillings Station,LASIUI02,9d905f2a-1072-4491-8438-7eb2cbdcf243
6.544796,3.3010407,,Point,LA,GRID,Pog Peridot,LASOIO10,9dc4eec7-8bdf-4d1d-84e3-993933058854
6.6211648,3.2528578,,Point,LA,GRID,Adkaz Oil and Gas,LASAMO07,9e4d0931-9f64-4184-8584-c5793f8c5490
6.4717183,3.8145282,,Point,LA,GRID,Mobil Fillings Station,LASIUI02,9e559a7f-616f-481f-b515-d09b6070e658
6.491099,3.298214,,Point,LA,GRID,Jubilee Gas Station,LASOIO07,9ebcc088-0929-4b66-9911-70b27d8acb42
6.4364162,3.4408121,,Point,LA,GRID,Mobil Filling Station 1,LASEOA01,9eec3751-381e-4d00-ba46-9da92ed472cd
6.4200981,2.7181626,,Point,LA,GRID,MRS Filling Station,LASBDY17,9faf8c97-5f42-413d-8c8e-b44e4c6de3d1
6.61122,3.2955833,,Point,LA,GRID,Oylex Filling Station,LASAMO32,9fb447d1-2e10-4284-8773-6e9da0b96bed
6.6690254,3.9882393,,Point,LA,GRID,Darayo,LASEPE13,9fc190f2-88af-4b94-a340-209363c7a44f
6.5985417,3.3035021,,Point,LA,GRID,Forte Oil Filling Station,LASAMO35,9fd22611-a5e8-461e-9ff8-107bdcc20c00
6.5063964,3.3778344,,Point,LA,GRID,MRS Filling Station,LASLMD10,a0069b67-5da0-4b21-8921-6420302d3061
6.6307067,3.4830079,,Point,LA,GRID,NNPC Filling Station,LASIKU28,a00c39f8-5dea-4a43-b75a-3f7d60f6f30f
6.4646574,3.6699424,,Point,LA,GRID,Skyteam Filling Station,LASIUI04,a038f9c9-65cd-4496-a022-f38878078213
6.4628307,3.6904471,,Point,LA,GRID,Fedok Oby Oil,LASIUI04,a282e0bd-6117-4f76-828c-83e11d99074f
6.605217,3.346882,,Point,LA,GRID,Mobil Filling Station 1,LASIKA17,a0a3c71b-8d2f-4052-8d5a-96c3f2344294
6.4746733,3.1677883,,Point,LA,GRID,Romosco Investment NigLtd,LASOJO07,a105e8cd-562f-4232-bb22-ba97a69dc79f
6.4544713,3.3275755,,Point,LA,GRID,Bindalo,LASATO07,a118aa12-27ec-45df-af26-308c3081631f
6.502325,3.37736,,Point,LA,GRID,Total Filling Station,LASLMD05,a1391ec5-3df5-4da3-9311-15175720bd0e
6.4717599,3.7120512,,Point,LA,GRID,Gommek Petroleum,LASIUI04,a179dee6-74cd-4026-8e6a-34eeb8cd5330
6.4206268,4.0664722,,Point,LA,GRID,M W Oil and Gas,LASIUI06,a18b42a5-d7dd-4e40-918c-e969765ae568
6.6269575,3.3412159,,Point,LA,GRID,Total Ogba 2,LASIKA07,a1c9c784-4cd4-4a11-893e-d5e70883f30e
6.4939401,3.1731831,,Point,LA,GRID,S Sonsglo Oil,LASOJO05,a22cbc9a-5af4-43e0-8b28-d2a224913da4
6.4708067,2.9898517,,Point,LA,GRID,Sho Oil,LASBDY08,a2796651-6f7b-46ed-8b5c-8d86bc2b089c
6.6068863,3.5959826,,Point,LA,GRID,Mobil Petrolium,LASIKU04,a36764cb-380d-4947-bcbf-75d87c5c0982
6.477171,3.1858853,,Point,LA,GRID,Luri Oil,LASOJO12,a3993ddf-45ac-4134-96f1-bec8282b3f64
6.5404567,3.2946083,,Point,LA,GRID,Petrocam,LASOIO10,a3d59e6c-d070-4fdc-85ef-ee5190e94d26
6.4584388,3.306031,,Point,LA,GRID,Mubostic Oil and Gas,LASAON12,a5530343-a863-4d21-86dc-f61509189943
6.6112914,3.411963,,Point,LA,GRID,NIPCO Filling Station,LASKSE10,a5588c8e-89eb-4db4-839c-d5419c0ee980
6.4945668,3.144242,,Point,LA,GRID,NIPCO Filling Station,LASOJO06,a5931d3c-1794-4a2a-bd86-7367489f483a
6.5520533,3.27991,,Point,LA,GRID,Waleola Golden Venture,LASAMO20,a60bcea7-70dd-4235-b213-f183fdacdd1d
6.4961083,3.1237883,,Point,LA,GRID,Total Filling Station,LASOJO06,a636d6ca-1eb0-4577-b4a6-a828e89db447
6.6034033,3.6057135,,Point,LA,GRID,Fomon Filling Station,LASIKU04,a69e59dd-0611-4a11-92b1-d10c02acfa50
6.4511,3.4012767,,Point,LA,GRID,Total Filling Station 1,LASLID13,a726c096-a242-489f-8f19-9df1fcb45ec5
6.5393526,3.3115659,,Point,LA,GRID,Destiny Petrol Station,LASOIO12,a74ae3e0-9b31-4f6a-bc70-fca920dc30a4
6.4995617,3.0187167,,Point,LA,GRID,Olaluwa Int Petroleum Ltd,LASBDY13,a78dfca8-f36e-457e-9769-39f7464923e6
6.6726844,3.4636801,,Point,LA,GRID,Kaylad Petroleum,LASIKU16,a7c2f3e5-35e1-4a66-bcfc-f84f04d7eed8
6.5827793,3.5935067,,Point,LA,GRID,Stir Oil and Gas,LASIKU25,a7e3ad51-de38-4d93-9547-a4292bc1f53d
6.417381,2.7336311,,Point,LA,GRID,Fatnoble Filling Station,LASBDY10,a7f06977-0cc0-441e-83d7-82caa4e87555
6.5955422,3.2880721,,Point,LA,GRID,First Royal Filling Station,LASAMO33,a8ac6b23-1abc-490a-8e69-fc5a873faccd
6.4269876,2.7261206,,Point,LA,GRID,Nuesedo Inv Big Ltd,LASBDY17,aaa65db6-61bf-4fb7-9c6b-6062b1b5a51b
6.5887039,3.2868093,,Point,LA,GRID,Onoke Petroleum,LASAMO33,aac8aa13-1e52-41d6-80dc-d77e6bc1b3af
6.6274313,3.4836088,,Point,LA,GRID,Nakel Petroleum,LASIKU28,ab8cac0f-ee47-48a3-8f0a-ca9e1c1c0ede
6.6289778,3.2599297,,Point,LA,GRID,Rinsayo Filling Station,LASAMO06,ab8d49a5-3aea-4991-a11d-7d63f96d515a
6.5894,3.566155,,Point,LA,GRID,Sr International,LASIKU11,abe8063a-a833-4284-a967-192d391c2793
6.4674629,3.2835191,,Point,LA,GRID,MRS Filling Station Festac,LASAON14,ac559e23-1f35-44e0-8cbe-fa6dc8fd0969
6.4721415,3.7191004,,Point,LA,GRID,Rebot Filling Station,LASIUI04,acaab312-9f08-429b-9c5c-8f00c793e747
6.4757857,3.8441863,,Point,LA,GRID,Mut Hass,LASIUI02,acdb7b80-095b-4ed1-bffb-a04861f2c733
6.6692526,3.2744409,,Point,LA,GRID,Energy Filling Station,LASIOE08,ad1fef54-8f93-4e97-962f-80ba60730c74
6.4854288,3.8869133,,Point,LA,GRID,Yemsonat Petroleum,LASIUI08,ad349d3c-9b45-4722-aa8f-86a254d62037
6.5641407,3.3005527,,Point,LA,GRID,Lord Grace Petrol Station,LASOIO02,ad8ee7f7-d3df-47f1-b845-a19dd3e07a56
6.4330505,2.7228439,,Point,LA,GRID,Dupyem Global Resource,LASBDY17,adb6d288-63a0-4d2d-8277-0de4bf375507
6.4733454,3.7337576,,Point,LA,GRID,Filling Station,LASIUI04,aec12742-ada3-437b-9f50-e9acef65a9c9
6.6205158,3.4790567,,Point,LA,GRID,Total Filling Station,LASIKU22,af439b0d-4ba9-474f-a7c2-44a729ebc753
6.4368971,3.5146084,,Point,LA,GRID,Emadeb Energy,LASEOA15,afc742b5-3fd0-4e96-8b43-88a89a8eab4a
6.5278618,3.8914025,,Point,LA,GRID,TOG Filling Station,LASIUI01,b03b8bc0-4c65-45da-a7c0-9e21a7320d27
6.4394504,3.3679583,,Point,LA,GRID,Mobil Filling Station,LASAPA02,b0de0619-8b0e-48dc-b24c-dc64ca2500ee
6.6820518,3.2691104,,Point,LA,GRID,NNPC Filling Station,LASAMO11,b127d06a-848d-40f3-a699-5b501b13274e
6.4861667,3.0588417,,Point,LA,GRID,Oyobo Global Int Oil,LASBDY11,b1640611-9de7-4ba6-a347-2b906ff1e3f0
6.5013941,3.1901727,,Point,LA,GRID,Dahush Oil Limited,LASOJO05,b1817da1-2f90-4dc1-9630-e2a91e5c8225
6.5952751,3.3697982,,Point,LA,GRID,NNPC Filling Station 1,LASIKA15,b25ffdda-ecb2-4ab7-8261-7dbf6383ce78
6.6097253,3.5063505,,Point,LA,GRID,BandE Oil and Gas,LASIKU02,b2738802-94ea-4d09-8adc-b7ae6e37aaf0
6.4166701,4.084772,,Point,LA,GRID,Shogo and Son Filling Station,LASIUI06,b2a92391-0727-45af-83b8-6cf3f7616497
6.4355764,3.4969533,,Point,LA,GRID,Total Filling Station Lekki,LASEOA10,b2d16c33-b2aa-42e7-875e-80674bee210c
6.5942375,3.5172746,,Point,LA,GRID,Malok Filling Station,LASIKU02,b2df935c-cc42-4859-9d93-0e5e33289e51
6.4684433,3.36762,,Point,LA,GRID,Oando Filling Station,LASAPA08,b3807307-22e4-4dc7-9918-a9da04f68f09
6.4462892,2.95169,,Point,LA,GRID,FUB Petroleum,LASBDY03,b3aa5c36-7fa4-4701-8ee6-10725e4c6beb
6.4763767,3.3263873,,Point,LA,GRID,Southwest Petroleum,LASAON04,b46ae3e0-6455-4551-9940-526c1a1d5579
6.5301717,3.2772783,,Point,LA,GRID,Bewaji Petroleums,LASAMO18,b47b2610-2a42-471d-864e-f5e1df495ff4
6.4385377,2.9621484,,Point,LA,GRID,Dave Demlong and Company Limited,LASBDY04,b4d374ec-5668-4adb-94e8-4d199a4228f1
6.418268,2.7383799,,Point,LA,GRID,Garsi Oil,LASBDY10,b4fb235f-880b-4ae7-857f-8be9ab5212d4
6.6595462,3.5859455,,Point,LA,GRID,Model Oil and Gas,LASIKU18,b592307e-fe1d-448a-aafb-85ed1c791edb
6.418515,2.8846917,,Point,LA,GRID,Oando Filling Station,LASBDY16,b60c91e0-1659-4da5-80f4-fe660b5cf428
6.4480454,3.4048309,,Point,LA,GRID,Mobil Filling Station,LASLID04,b649b71b-d296-4151-ade4-1b7c82de052c
6.4705374,3.3506437,,Point,LA,GRID,Jonek Oilfield,LASATO12,b6a0d2e3-1c5f-465f-a6c2-dab1753ef8dc
6.6551502,3.2736489,,Point,LA,GRID,Conoil,LASAMO06,b6bceb34-56d3-44e9-8626-f24a5604fafd
6.5896342,3.3346664,,Point,LA,GRID,Forte Oil,LASIKA13,b728c8ba-99e2-4838-9a2f-0c34802e703d
6.6297458,3.5436944,,Point,LA,GRID,Remdabs Oil and Gas,LASIKU29,b7f38522-f8d7-4e4e-acd7-fc67f18bba91
6.4885175,3.3002197,,Point,LA,GRID,NNPC Filling Station 1,LASOIO18,b8a4dcf8-7770-4785-bd94-409947cc3bec
6.6636498,3.2841382,,Point,LA,GRID,Danco Petroleum,LASIOE08,b8bada94-24f0-48ce-9656-a9e5790ce081
6.538959,3.2545595,,Point,LA,GRID,Eagle Star Filling Station,LASAMO01,b8f888f7-f6c2-4d85-a665-4f77045170aa
6.6606476,3.5192445,,Point,LA,GRID,Assured Favours Petroleum Ltd,LASIKU23,b95f6070-3e01-46c1-be39-6b13c58fe56e
6.5136083,3.2803167,,Point,LA,GRID,Olat Filling Station,LASAMO27,ba3fb68c-68d0-45a2-ae61-875ef623d178
6.4647288,3.3174839,,Point,LA,GRID,Facebems Oil,LASAON13,ba5787ee-eff1-443d-914e-a6e16164a499
6.4989815,3.5903458,,Point,LA,GRID,Conoil Filling Station Langbasa,LASEOA06,baef6157-654d-45af-a0fd-cd18ec03ba3d
6.6357836,3.5409273,,Point,LA,GRID,Oluwaseun Filling Station,LASIKU04,bb78dc72-8172-443f-b700-3d3e1fcdebf9
6.4777578,3.8500075,,Point,LA,GRID,Dailybeth Oil,LASIUI09,bbdfa88f-1b3e-4f67-8a57-51e0b67eac8b
6.4738428,3.7386266,,Point,LA,GRID,Huce,LASIUI04,bc00b6b8-6332-499d-becd-198fc1f2ab80
6.4338734,3.4955332,,Point,LA,GRID,World Oil Filling Station Lekki,LASEOA13,bc2ab0f0-ed8c-48be-90c7-4e1ffa7dff0c
6.4404685,2.9211785,,Point,LA,GRID,Energy,LASBDY04,bc53f3cf-179c-4246-a006-1c3aa36b77be
6.4221509,2.8885327,,Point,LA,GRID,Algaajis Oil Limited Filling Station,LASBDY16,bc5ab926-0345-4d99-9720-28e3eb46d69d
6.4429733,3.4214133,,Point,LA,GRID,Oando Filling Station 3,LASEOA12,bca91e64-a015-48e1-be3e-88d0b4bf89db
6.535943,3.2205174,,Point,LA,GRID,Habol Filling Station,LASAMO08,bce2ce5e-799d-487f-ac38-c715bd9fb24e
6.6319474,3.5364663,,Point,LA,GRID,Pm Petroleum Managers,LASIKU29,bd1c1410-5186-4793-8792-907d98ea0948
6.4629685,3.6908946,,Point,LA,GRID,NIPCO Filling Station,LASIUI04,bd42ac98-8ae9-4515-9e0e-54107087ea57
6.6555033,3.4762283,,Point,LA,GRID,Ytk Petroleum Station,LASIKU06,bd5663d3-d355-49c3-967f-e8da4faf5809
6.5263683,3.2948417,,Point,LA,GRID,Revonia Oil,LASOIO03,bdad6f1a-1adf-409d-bb16-891535c2ad11
6.52841,3.31801,,Point,LA,GRID,Total Filling Station 1,LASOIO14,bdda3233-cd93-4b32-9b75-67f74587d3ac
6.5420677,3.2810866,,Point,LA,GRID,Mobil Filling Station,LASAMO18,be71273a-01af-42ec-a08a-3fcae0fdae42
6.5338634,3.3913105,,Point,LA,GRID,Majok,LASSMU02,be98026f-1d05-41a0-8324-6885a4ff0d3e
6.5773276,3.2824972,,Point,LA,GRID,Firstroyal Filling Station,LASAMO36,bf9996a8-7894-4447-a896-aa609c8a7e6b
6.5190498,3.2534901,,Point,LA,GRID,Forte Oil,LASAMO24,c01876e6-7d7d-4842-9b25-60f73f26fecd
6.5430547,3.3430053,,Point,LA,GRID,Fo Filling Station,LASMUN19,c0e12322-05a3-4314-b892-052628266c1f
6.4631583,2.9717317,,Point,LA,GRID,Sauril Oil and Gas,LASBDY07,c108a889-f8d3-4ec3-8925-26f180f0aff8
6.6650785,3.2796885,,Point,LA,GRID,Energy Base Oil,LASAMO06,c10e1659-0571-49b0-8b86-40fc9def856a
6.58973,3.6029783,,Point,LA,GRID,Shozlpg Filling Station,LASIKU24,c12c24e1-5364-44ac-864e-7c9f7245ce87
6.4955,3.1255367,,Point,LA,GRID,Treasure Base Petroleum,LASOJO06,c13ac44c-31f5-4626-9770-9f941ad734eb
6.4379689,3.9372267,,Point,LA,GRID,SSI Oil and Gas,LASIUI08,c1874cc4-2dfb-40ac-897f-980a27a32adc
6.6810223,3.2707819,,Point,LA,GRID,Ayomide Filling Station,LASIOE03,c187b5ac-788c-45dd-9324-9f6275e344d8
6.5658173,3.2511829,,Point,LA,GRID,Oando Filling Station 2,LASAMO25,c20f3bd4-5c78-478c-a3f4-440859ee15db
6.5626852,3.2806606,,Point,LA,GRID,Kings Petroleum,LASAMO22,c22f94f7-0cee-4bfc-879e-b6e37ae97e6a
6.5524917,3.2532683,,Point,LA,GRID,Oando Filling Station 1,LASAMO25,c2513937-8a18-44b6-882f-bd1ec5b1dbb1
6.4347855,2.9861792,,Point,LA,GRID,Richard Oil Service Station,LASBDY04,c42a60eb-987a-49de-9e6e-da6bbebc7e14
6.5175633,3.2564283,,Point,LA,GRID,Omo Owo Petroleum,LASAMO24,c4697f25-6073-46e6-b7d9-9241745f9fde
6.6405942,3.2823736,,Point,LA,GRID,Toyapa Oil and Gas,LASAMO06,c46b8b99-8da4-46fe-b3c3-dc778ef87a34
6.4697696,3.705142,,Point,LA,GRID,Forte Oil,LASIUI04,c497539f-47a7-4fa9-88d3-b82cf6cdfb08
6.4704717,3.0484867,,Point,LA,GRID,Taldah Oil Station,LASBDY08,c4fc7aa7-5e11-44dd-b88e-efa74b05e10c
6.4998533,3.0198667,,Point,LA,GRID,Bar Oil And Gas Limited,LASBDY13,c5b875f7-855a-4dc3-8075-59c0c3d14e83
6.541155,3.2258967,,Point,LA,GRID,Sab La Oil,LASAMO08,c5ff025d-bc07-4e03-94d0-5fd1517320fa
6.4171135,3.0294961,,Point,LA,GRID,Yuadison Nig Ltd,LASBDY15,c6bcab31-ca19-4488-bbfd-2b8e69656f70
6.5041447,3.1844296,,Point,LA,GRID,Total Filling Station,LASOJO04,c73d5844-71c5-4ef3-b6ac-af897d9b03a3
6.5952617,3.4004717,,Point,LA,GRID,Total Filling Station,LASKSE03,c7497bb3-16e8-410c-9151-1c99bf95fa11
6.6254542,3.3245047,,Point,LA,GRID,Total Filling Station,LASAGG13,c749abec-2d54-47a4-b069-5006ca7fa2ca
6.6668617,3.52625,,Point,LA,GRID,Radmuq Energy Service Odo Nla Road Odongunya,LASIKU23,c78c0b92-29d9-494f-9c5c-9d5e3e165ec6
6.4856749,3.5765362,,Point,LA,GRID,Ailos,LASEOA02,c7a0d32e-0b2a-46eb-b385-7c052717562e
6.6205675,3.5294301,,Point,LA,GRID,Famco,LASIKU29,c7a774e9-88dc-4a4b-96a4-bf8a91fb1ee0
6.6465503,3.2588372,,Point,LA,GRID,Rasade Nigeria Limited,LASAMO07,c7ad6103-8009-4af0-994d-7d544fe039ff
6.4375262,3.9406537,,Point,LA,GRID,Forte Oil Filling Station,LASIUI08,c8b77daf-b2c2-4112-85cf-88161f225224
6.4844891,3.1702431,,Point,LA,GRID,Emman Oil,LASOJO05,c8e33981-7e7b-4e3b-b017-27a56b3f63e5
6.4545805,3.2426379,,Point,LA,GRID,Ibukun Olu Abdul Azeez Nig Ltd,LASAON01,c98ddd00-e0d5-42f2-81da-1aa59cf1a5c3
6.6074283,3.284385,,Point,LA,GRID,Rainoil Filling Station,LASAMO29,c9ca2f48-9765-453e-a54c-66434e92a991
6.4346207,2.9887297,,Point,LA,GRID,Diamond Oil and Gas Filling Station,LASBDY04,c9e74135-77e9-4eff-9ce2-3736aafc504f
6.6445392,3.2893459,,Point,LA,GRID,NNPC Filling Station 1,LASAMO06,ca331890-9d7d-4e8e-b213-d7707131e7a3
6.689905,3.2811933,,Point,LA,GRID,Forte Oil,LASIOE04,cb1175c1-af5a-4d85-843d-e5aa74b7d920
6.4629583,2.96068,,Point,LA,GRID,Success Keem Petroleum,LASBDY07,cb17572b-d1ab-4fba-a184-165e513bfeea
6.481775,3.3731767,,Point,LA,GRID,Oando Filling Station Apapa Road,LASLMD08,cb17e1df-5533-4e06-a895-285a7b8957ee
6.5990791,3.3030396,,Point,LA,GRID,Saitaru Filling Station,LASAMO09,cb322d0b-627f-4251-8613-f56fadbd1970
6.5424703,3.2609862,,Point,LA,GRID,Dave Demlong and Company Limited,LASAMO01,cb5b9b6a-353f-408b-abd0-5172586a4e55
6.6592917,3.47231,,Point,LA,GRID,Remdabson,LASIKU06,cb5d5c6e-029e-4f30-8bb2-bc730e456b51
6.601555,3.49236,,Point,LA,GRID,Mobil 1,LASIKU15,cc01ca3e-7427-4e8e-a4ae-e43d36e0e2dc
6.5443017,3.2340567,,Point,LA,GRID,Ufedo Nigeria Limited,LASAMO17,cc43c9b5-83ed-43d2-9cf0-c7e7922893f7
6.4706639,3.3070992,,Point,LA,GRID,Peridot Oil and Gas,LASAON04,cd45b98f-88bf-422a-aabe-ee4e9ceb81d0
6.4731633,3.7315883,,Point,LA,GRID,Oando Fillings Station,LASIUI04,cda0c107-3351-43f0-9e09-13e31d451fc0
6.417644,2.7298025,,Point,LA,GRID,Titilayo Gas,LASBDY10,cdad9606-db2b-47e0-97e6-85ec959eeb4a
6.50239,3.6000883,,Point,LA,GRID,Oando Filling Station,LASEOA06,cdc38165-b457-4737-9557-5ec09aa70033
6.6112002,3.3013547,,Point,LA,GRID,Mao Filling Station,LASAMO12,ce223af5-3395-4ae0-ba81-93060990907d
6.6007094,3.247067,,Point,LA,GRID,Borbit Nigeria Ltd,LASAMO13,ce3f4dd3-609d-4ef1-8583-524cf2077ad4
6.4190991,2.8850264,,Point,LA,GRID,Mobil Filling Station,LASBDY16,ceb390c8-bebb-46bf-9db6-c5eaf7592e3a
6.631908,3.3240299,,Point,LA,GRID,Eterna,LASIOE02,ceeec0e3-8aee-4b2f-92e7-49c4f9f3b053
6.4232664,3.4109532,,Point,LA,GRID,MRS Filling Station,LASEOA20,cf7acaa6-19a1-4eb3-8627-474aadb34af2
6.614783,3.4430187,,Point,LA,GRID,Ola Oluwanishola Petroleum,LASKSE22,cfb3ff36-d570-428f-8af6-e1ca88153681
6.5077509,3.3353985,,Point,LA,GRID,Mobil Filling Station,LASSUE18,cfd4cd70-5ebe-4455-a101-9d5d62e9f313
6.5730577,3.5288125,,Point,LA,GRID,Mobil,LASIKU01,d04a2926-154c-4085-a6a7-47c2a9c9989d
6.4278943,2.8933207,,Point,LA,GRID,Forte Oil,LASBDY18,d0737440-a74d-49dd-a70b-e1a86e8e4bc9
6.55217,3.2491083,,Point,LA,GRID,Vog Vitality Oil and Gas 1,LASAMO25,d078886e-111e-47b3-8e08-ffbdc0e34a8f
6.4939383,3.14438,,Point,LA,GRID,Star Line Filling Station,LASOJO13,d1a9d0a2-650a-451a-ae37-92fd530585bf
6.4796491,3.1767384,,Point,LA,GRID,Beno Filling Station,LASOJO01,d1e1e476-a482-4c84-9ddb-1f484d1e7b80
6.535635,3.3530217,,Point,LA,GRID,Total Filling Station,LASMUN15,d2655820-9dff-42ac-9da9-41e9be0a08b7
6.4398963,2.940069,,Point,LA,GRID,Ayokson Oil,LASBDY04,d388795e-2c3b-4104-960e-fefa59628c72
6.47979,3.1773783,,Point,LA,GRID,Filling Station,LASOJO12,d3b74234-b887-49cc-b94e-5b22d2234b15
6.6380538,3.5449372,,Point,LA,GRID,MRS Filling Station,LASIKU04,d449a758-7d84-48ea-afe1-272683690c30
6.3835933,2.73934,,Point,LA,GRID,Sayuba Oil,LASBDY10,d4f1073f-4854-49b3-a0d3-05bb2e92ba06
6.5869175,3.3078511,,Point,LA,GRID,Oil Vsc,LASAMO30,d5102845-303a-4f07-8643-fbcc8455b626
6.572305,3.3438417,,Point,LA,GRID,Oando Filling Station,LASOIO08,d5756152-0a21-4007-9297-97f519991641
6.4605083,3.1407537,,Point,LA,GRID,Forte Oil,LASOJO07,d5f45c2b-8587-488d-8f50-2fa6c9682142
6.6025883,3.331503,,Point,LA,GRID,Heyden,LASIKA13,d6c13e29-8366-4b69-a2ee-47db63fa581c
6.4461989,3.2270643,,Point,LA,GRID,Ibukun Olu Abdul Azeez,LASOJO08,d6d0c54a-80e8-4a47-abc0-619ed89237ae
6.5319983,3.3603667,,Point,LA,GRID,Peridot Oil and Gas,LASMUN16,d6d42d1b-0805-4186-aa91-67409475f6a1
6.5528183,3.2214133,,Point,LA,GRID,P M Petroleum Manager,LASAMO17,d72e7090-f898-4aa4-84e6-8ea10b488a2a
6.6268889,3.2820639,,Point,LA,GRID,Hab Gbenisi Oil and Gas,LASAMO04,d75d025d-3481-41ee-825e-57c3d2997093
6.55802,3.2496167,,Point,LA,GRID,Tiolohun Lase Oil Limited,LASAMO25,d77667e2-046b-4953-b47f-a3bdf827e2b8
6.5258832,3.2117151,,Point,LA,GRID,Gas Station,LASAMO08,d796d4f3-7075-4dcb-b107-2b29011957ad
6.6311056,3.5338145,,Point,LA,GRID,Adb Petroleum,LASIKU29,d7ea5d70-4f5e-4ecd-a85b-ab1515a8a75d
6.5771433,3.262515,,Point,LA,GRID,Swift Oil,LASAMO28,d847831e-994d-41e4-b43f-0ff3722870fc
6.651735,3.4758517,,Point,LA,GRID,Quality Fuel Ltd,LASIKU06,d8ce6271-21bd-4321-b234-681b0248b9a5
6.4795342,3.3385522,,Point,LA,GRID,Mobile Filling Station,LASSUE07,d90840ac-a5ab-4f35-8114-ef706eb0b25f
6.5518786,3.3415464,,Point,LA,GRID,Adonai Filling Station,LASOIO01,d91ffeb3-de24-4087-9a38-1664ac98228b
6.4926548,3.1993098,,Point,LA,GRID,Total Petrol Station Ipaye Bstop Lasu Iba Road,LASOJO05,d92063fa-ea06-4351-b913-652c5c24ea2e
6.6815448,3.4895399,,Point,LA,GRID,Musaroq Nig Ltd,LASIKU06,d95070cb-b77e-4bf8-a60c-1eb057ce87d7
6.4591542,3.2229547,,Point,LA,GRID,Ass Oiland Gas Ltd,LASOJO08,d9970d78-5700-43fd-bb1c-d2b1807ebe92
6.55201,3.2543967,,Point,LA,GRID,Vitality Oil and Gas,LASAMO25,d9c5466a-920f-4d0a-9326-cd43028ef009
6.6386779,3.2673849,,Point,LA,GRID,Dave Demlong and Co Limited,LASAMO04,d9cd9811-c4ad-40e2-bad7-06ced3c4e5fe
6.6566982,3.3228998,,Point,LA,GRID,Fowobi Filling Station,LASIOE02,d9e408e0-2e7d-4d8e-83c9-b56851b1a28e
6.6196388,3.2560478,,Point,LA,GRID,Pm Petroleum Managers,LASAMO07,da6d7aa8-96d2-4aae-8a00-c302b6436a58
6.5605722,3.3368413,,Point,LA,GRID,Rain Oil Filling Station,LASOIO15,da714f02-2a60-453c-9bc2-2e727ef745be
6.5962148,3.3857087,,Point,LA,GRID,HS Petroleum Ketu,LASKSE08,daac1660-b866-4d71-bbda-b16c81042d33
6.6267678,3.3344844,,Point,LA,GRID,NNPC Filling Station,LASAGG06,db3fdf9d-4505-4e71-b000-e22d646b8a56
6.4885933,3.1412183,,Point,LA,GRID,Odunade Petrol Station,LASOJO13,db9feff6-f919-4705-91ab-d47a78a93a03
6.59974,3.5184467,,Point,LA,GRID,Oluwaseun Investment,LASIKU02,dbc4817d-05b3-4236-8374-7cb984ea9474
6.6243747,3.4911786,,Point,LA,GRID,Conoil Filling Station,LASIKU28,dc4e83fc-22f6-4138-8cec-a1a5f4e3b4be
6.4305723,2.817789,,Point,LA,GRID,Filling Station 5,LASBDY06,dcdb91db-b2da-4937-abc1-f53e87f1c58a
6.4732338,3.7800454,,Point,LA,GRID,Total Filling Station 1,LASIUI02,dcf1cfa1-0d52-40d8-997f-28bc7f594624
6.663889,3.3233416,,Point,LA,GRID,Pm Petroleum,LASIOE12,dd16cef3-5e86-40d2-921e-784131d32839
6.5326883,3.3670833,,Point,LA,GRID,Mobil Filling Station,LASMUN10,dd737505-6755-4be6-89aa-61311d2c42d5
6.5600722,3.5366309,,Point,LA,GRID,Anchor Gas,LASIKU19,de45e266-4ecd-42c0-95a5-bf9f4c74eca5
6.5146884,3.2634787,,Point,LA,GRID,MRS,LASAMO27,de8a9072-be00-4db4-a99c-c879f900b3b9
6.584314,3.9567241,,Point,LA,GRID,Famco Filling Station,LASEPE03,debde311-4b71-4a03-a607-a6e816dcf266
6.5833167,3.5240767,,Point,LA,GRID,Olaolowanishola Filling Station,LASIKU01,dec63bec-6c90-41b6-9d68-31ce3fbb5bc4
6.6120817,3.4162217,,Point,LA,GRID,Walesaf Filling Station,LASKSE14,dfba4e22-c330-47d4-9dd2-a3c65f8d6f55
6.4889253,3.0690588,,Point,LA,GRID,Fo Filling Station,LASBDY11,e043a7e9-f43c-4dfd-a241-74e4aad346b8
6.4455828,3.3730041,,Point,LA,GRID,Conoil,LASAPA04,e05c42d2-e119-4461-bfc8-93f79dd3eee3
6.4925937,3.1736246,,Point,LA,GRID,Ghegee Filling Station,LASOJO05,e06e56dc-8cd2-48c5-b606-367d20fed597
6.5982262,3.588141,,Point,LA,GRID,Lado Oil,LASIKU24,e104f9dd-c404-4573-b9e6-47ad1f4bd5d3
6.591055,3.983705,,Point,LA,GRID,T Tab Filling Station,LASEPE06,e15ba304-532b-498a-88e0-b49ba5318bed
6.494649,3.2986758,,Point,LA,GRID,Amoaota Filling Station,LASOIO18,e1988026-2428-45c4-afe4-3de8fc6e720a
6.4910902,3.1994044,,Point,LA,GRID,Eterna Filling Station Iba,LASOJO05,e2693fb6-95f8-48ac-a774-abd4ac76db07
6.6148672,3.4442613,,Point,LA,GRID,Sahara Oil Filling Station,LASIKU22,e2d17a6b-4cba-4923-81af-0adac869d0e6
6.5341266,3.3456317,,Point,LA,GRID,Mobil Filling Station 2,LASMUN19,e2e25060-ed2c-4516-baaf-d672b85f4a26
6.5560433,3.334245,,Point,LA,GRID,Shark Filling Station,LASOIO15,e30efeeb-1b8f-467c-8c42-8eeebf203035
6.4933347,3.2974286,,Point,LA,GRID,Mobil Filling Station,LASOIO07,e35a9a36-75a1-4c9e-9f85-e02dc7f609aa
6.3826125,2.7170828,,Point,LA,GRID,Mah Kiss,LASBDY10,e3936a38-46dc-4acb-983c-fff2ffc928b7
6.5552715,3.5385682,,Point,LA,GRID,Witme Ventures Ltd,LASIKU19,e3a6adf7-e07c-4e3b-9cda-9e32e5ea8396
6.4865217,3.061515,,Point,LA,GRID,Yinka Treasure Eight International Ltd,LASBDY11,e3ea161a-76f4-469b-9e76-2ef7748ad011
6.6639067,3.3079173,,Point,LA,GRID,Rab Oil,LASIOE01,e3ff3015-75c5-4d21-b547-fe5f2c725432
6.5013526,3.5997787,,Point,LA,GRID,NNPC Filling Station II,LASEOA02,e45f37c4-e5dc-441b-8824-bcf40a33aa70
6.58302,3.4903767,,Point,LA,GRID,Toglo Petroleum,LASIKU15,e4b9eab3-416a-4b69-b011-147285264548
6.4707803,3.8458022,,Point,LA,GRID,Soralam Filling Station,LASIUI09,e4d17f2a-dede-45ea-bcce-c3683f3f86a0
6.4587517,3.1348183,,Point,LA,GRID,Sansuat Petroleum Ltd,LASOJO03,e55bf1ad-826e-4bc1-8740-b3bb97f83a99
6.5830498,3.2137198,,Point,LA,GRID,Fo Oil and Gas,LASAMO15,e63e3157-a1f8-48ac-a901-9d7ce567e6e0
6.551735,3.2546983,,Point,LA,GRID,Total Filling Station,LASAMO01,e6a2e6c1-475f-4001-ab85-2c50a991889d
6.4407767,2.9354389,,Point,LA,GRID,A World Oil and Gas,LASBDY03,e710b1c4-d6e1-4885-9e40-8136d9d8280f
6.4707751,3.828201,,Point,LA,GRID,Total Filling Station II,LASIUI10,e7d7268f-655b-4758-be5f-ea307804e8af
6.6360842,3.3548206,,Point,LA,GRID,NNPC Filling Station,LASIKA02,e7eeec74-d9a8-4123-bb4e-ba2912ae7799
6.434647,2.8854316,,Point,LA,GRID,Namos Oil II,LASBDY03,e7f91b13-4ec3-431a-9824-66ce2ec49604
6.4199117,2.7191983,,Point,LA,GRID,Filling Station 1,LASBDY17,e859e732-5720-4125-898c-302da09acbfc
6.4192958,2.7152717,,Point,LA,GRID,Ahmqud,LASBDY10,e8634dcd-7580-4f92-a149-75ba5032d3bc
6.5847067,3.9561883,,Point,LA,GRID,Segil Filling Station,LASEPE03,e8832de5-88bf-4de7-9ef5-7da4d4933b2a
6.4558533,3.2641408,,Point,LA,GRID,Lad Petroleum,LASAON08,e8b20639-4cc1-4c7e-893d-d7421c70673f
6.577165,3.2772,,Point,LA,GRID,Ultimate Petroleum,LASAMO28,e8de7887-081d-42fa-a315-11927ae849e1
6.4853709,3.8621294,,Point,LA,GRID,Oando Filling Station,LASIUI02,e9266ee0-8ff4-472f-b6ca-d75f705cfae7
6.6442303,3.4796247,,Point,LA,GRID,Mobil Filling Station,LASIKU28,e9cde42d-af62-4f1f-928c-eeaf99b32186
6.417066,2.8760255,,Point,LA,GRID,Total Filling Station,LASBDY16,e9f6c0bf-1c8f-4d7b-85ba-3b8bb8eee77d
6.5283763,3.2152704,,Point,LA,GRID,Jommes Petroleum,LASAMO08,ea397e5d-43b0-4ee4-b29b-bd47a1d1fce4
6.4746764,3.8435655,,Point,LA,GRID,Total Filling Station I,LASIUI10,ea5c50c8-29ed-47a9-9871-067102097d30
6.4656378,3.6665606,,Point,LA,GRID,Mboil Filling Station,LASIUI04,eacdcfbd-c43a-4d57-b304-94578fd78059
6.485362,3.168371,,Point,LA,GRID,Carol and Asmau Oil,LASOJO05,ead44850-e5c3-42e1-8647-6a175ec597a2
6.6634974,3.6141851,,Point,LA,GRID,Fadek Filling Station,LASIKU18,eb496e8e-639f-40f6-9c3a-3fed7ce830b1
6.4724983,3.1541267,,Point,LA,GRID,Tabboddas Petrol Station By Moshalashi RoadBy Moshalashi Bstop Jakande Ajangbadi,LASOJO07,eb4f9e09-8a30-4037-b5a1-72b6b8da5ca1
6.4944253,3.1728943,,Point,LA,GRID,Chibotex Oil and Gas Limited,LASOJO05,eb912af7-9443-4e9b-86aa-a5c7c8ac818d
6.6002279,3.5694105,,Point,LA,GRID,Dee Moor Oil Filling Station,LASIKU29,eb97aa2e-f731-4701-9a03-711859fb0da8
6.6020567,3.3044233,,Point,LA,GRID,Omac Filling Station,LASAMO09,ebfd8276-e29a-429e-a774-f796d23809f6
6.4411528,3.8888431,,Point,LA,GRID,Malok Filling Station,LASIUI09,ec742251-448c-4f83-a8de-a4d17c9e9d24
6.5578783,3.2700183,,Point,LA,GRID,Oando Filling Station,LASAMO28,ecb97047-3fed-45b1-bcbe-421b4a95b22b
6.5449313,3.2737225,,Point,LA,GRID,First Royal,LASAMO18,ecf4409b-56e4-4b9a-a6c7-912760ebd453
6.5581617,3.2698633,,Point,LA,GRID,Tee Jay Petroleum,LASAMO28,eda5efae-2dfb-48a8-85b5-5b7afce661d2
6.438285,2.7200368,,Point,LA,GRID,Gazgo Filling Station,LASBDY17,edb919ec-ac17-44f8-bdc5-423ac8933498
6.5355083,3.2200668,,Point,LA,GRID,Swift Oil Filling Station,LASAMO08,edd2d34d-1593-444a-a99c-d80b72ee42cf
6.399958,4.1589574,,Point,LA,GRID,Omodele Oil and Gas Ltd,LASIUI12,ee1fa2d8-0ef5-48e9-baac-1b186df3f4a8
6.6123677,3.35983,,Point,LA,GRID,Lagos Fuel Dumpsite,LASKSE21,ee583c1d-74a5-490a-91ed-4b3d31c10fd6
6.4976833,3.006865,,Point,LA,GRID,Seven Stars Filing Station,LASBDY13,ee7e82bc-5653-4ab3-8f83-1689ec9b2241
6.5515513,3.2418933,,Point,LA,GRID,NNPC Filling Station 1,LASAMO23,ee808583-1155-4a80-a822-43131748038e
6.5837877,3.283961,,Point,LA,GRID,Forte Oil,LASAMO36,ef08a54c-d4a7-4ee3-bc45-f09fd6929fcb
6.3939035,2.8264453,,Point,LA,GRID,Bollington Oil,LASBDY05,ef359e66-5b0e-454e-9377-6e82d9e91830
6.4891817,3.1604017,,Point,LA,GRID,Rabade Filling Station,LASOJO01,ef8dbd2b-dd75-4991-9abc-73de0964e143
6.6465329,3.5643347,,Point,LA,GRID,Remdabson Oil and Gas Limited,LASIKU04,efd918aa-ddb3-4ea6-8b37-fc0914734ff7
6.4938102,3.14196,,Point,LA,GRID,Adebabs Petroleum,LASOJO13,f004daae-5c75-49d0-b17f-88164ccfa3a3
6.4894485,3.0287077,,Point,LA,GRID,Lovers Company Limited,LASBDY11,f02b93b8-10a1-4469-bc8c-a4509cc519f6
6.5482959,3.268434,,Point,LA,GRID,Conoil B,LASAMO20,f06c8351-8fd0-46ef-a0b2-538dc7541bcd
6.6192218,3.2924292,,Point,LA,GRID,MOJ,LASAMO32,f0d00cc5-1485-4cda-a34f-6e8936e143fd
6.6088981,3.4233519,,Point,LA,GRID,Energy Filling Station Ikd Road,LASKSE14,f244709d-f296-43fa-8285-7a049d6625c6
6.5446738,3.3713921,,Point,LA,GRID,G and G Filling Station,LASSMU15,f263e058-9ed3-4af4-91e3-45a6a2dac4a0
6.4175846,2.7360914,,Point,LA,GRID,A Afilo Filling Station,LASBDY10,f2692268-d5cb-4f15-a903-bbf6687f8c82
6.4803367,3.3497117,,Point,LA,GRID,Total Filling Station,LASSUE11,f27be85a-b769-495a-bcad-30ceddd563b9
6.4297369,3.4678943,,Point,LA,GRID,Pinnacle Oil,LASEOA13,f27f70d4-1e90-446a-8fe1-cfe09792a612
6.5907365,3.6247596,,Point,LA,GRID,Dpl Oil and Gas,LASIKU04,f2dc3666-e7f6-4708-8a42-521ef702c0ca
6.471555,3.5932317,,Point,LA,GRID,Total Filling Station,LASEOA18,f2ecb591-28a7-4b95-86e6-e03d7ae2f2ba
6.6701812,3.3280583,,Point,LA,GRID,Yerevan Oil Filling Station,LASIOE11,f2f863a3-035f-4c03-affa-646619d648a0
6.4868792,2.9592197,,Point,LA,GRID,Dahush Oil,LASBDY13,f311b1e1-3998-4390-a078-749404b374c4
6.4996539,3.3019543,,Point,LA,GRID,Forte Oil Filling Station,LASOIO07,f313c74d-e6bf-4f2d-9458-b65dec8a05f8
6.60811,3.3361833,,Point,LA,GRID,Vitality Oil andGas,LASIKA05,f35f2b8f-f10e-4b61-b2ad-21d7a644c5cd
6.4818587,3.3742213,,Point,LA,GRID,Forte Oil,LASLMD08,f39b12f6-efcd-4a3a-a444-0465695f817b
6.4366123,3.2598108,,Point,LA,GRID,Forte Oil,LASAON08,f46c2644-be88-437e-8be2-2cecb2ef0e71
6.5212313,3.8902302,,Point,LA,GRID,Fo Tab Filling Station,LASIUI01,f49fe336-d31f-4316-86f4-bf6044e90a87
6.4817667,3.3732167,,Point,LA,GRID,Oando Filling Station,LASLMD08,f6200228-7309-40be-a5c7-89f8a52a4347
6.649366,3.7131015,,Point,LA,GRID,Azihabwad,LASEPE01,f63021cd-43b3-4c90-b482-701ea4f9c2c7
6.4649567,3.5599133,,Point,LA,GRID,Oando Filling Station 2,LASEOA03,f6419a82-6c80-4a08-b363-1d84df5df3a7
6.41941,2.8858667,,Point,LA,GRID,Olubisi Obinja Nigeria Limited Filling Station,LASBDY16,f693a859-c83f-4a64-8576-9370da4ccc19
6.5498454,3.2306572,,Point,LA,GRID,The Convenant Child Petroleum,LASAMO17,f6b72088-31bf-4205-88f1-4fcc6ead9367
6.6323056,3.3244194,,Point,LA,GRID,Ashy Deen Petroleum,LASIOE10,f710748f-36fc-4282-8f48-3ae7a77286d5
6.4165648,2.8610269,,Point,LA,GRID,Amoten Oil and Gas,LASBDY06,f72013a4-691a-4638-a2a2-0c67942a7eb6
6.421065,2.7076933,,Point,LA,GRID,Filling Station 3,LASBDY17,f763de9e-1da9-4199-94a9-7cc41babe573
6.5271998,3.2587193,,Point,LA,GRID,Mat Oil,LASAMO24,f78313f5-07ec-49bc-a56f-3ffd193a1d5e
6.4607879,3.1491735,,Point,LA,GRID,Alhameda Interbiz Inv Ltd,LASOJO03,f799e625-ceec-4ce0-9eed-0c330a0e791e
6.4754117,3.770105,,Point,LA,GRID,Pencil Oil,LASIUI05,f7d34341-85c7-4516-96db-aaa28034f57e
6.4409792,3.87133,,Point,LA,GRID,Total Filling Station,LASIUI09,f7dfa841-e814-4b48-bc7a-bf9dbe0b16e4
6.4842558,3.0498171,,Point,LA,GRID,Lots Marketing Nigeria Limited,LASBDY08,f84e7c7d-b2bc-4973-9e06-856086873138
6.6737344,3.2571963,,Point,LA,GRID,Wonder Filling Station,LASAMO11,f86eecde-2d80-4a06-b0a0-b5dee508673c
6.6188818,3.4639791,,Point,LA,GRID,Bovas,LASIKU22,f898816e-ff11-4f5a-8dbe-534ec7a3c91d
6.4410635,3.8613526,,Point,LA,GRID,Famco Filling Station,LASIUI09,f8c3ce13-178d-4c10-9f48-acb1442d5a54
6.5534629,3.2112503,,Point,LA,GRID,Ade Ola Ade Petroleum Ltd,LASAMO17,f9b324c8-5382-4829-a9c0-16e5d271199c
6.475525,3.7698367,,Point,LA,GRID,P and G Filling Station,LASIUI05,fa0353b0-822b-4b79-893d-5c7552511519
6.4651277,3.15478,,Point,LA,GRID,Raiayissa Global Company Limited Petrol Station,LASOJO07,fa0573d7-c9df-4e41-ba04-501354ff67b5
6.6118494,3.3121801,,Point,LA,GRID,NIPCO,LASAGG03,fa07fb01-4842-40dc-a1f7-99d34e345473
6.5336628,3.3521623,,Point,LA,GRID,Jlt Pet,LASMUN12,fa1c1f28-61ad-41d6-a202-6e9f4c0c2961
6.4194155,3.0082161,,Point,LA,GRID,Micas Energy,LASBDY15,fa60856d-9ae3-431c-91b7-337fca0cb900
6.6024983,3.307315,,Point,LA,GRID,Vamako Filling Station,LASAMO34,faba348f-6ef5-41d1-b0be-6e490791954f
6.5294288,3.2591467,,Point,LA,GRID,Premex Filling Station,LASAMO24,fb9ae6df-97ba-4119-8c75-de0e1e77ce65
6.5315542,3.8932258,,Point,LA,GRID,NIPCo Filling Station,LASIUI01,fba59dbf-376a-4631-b174-ee442e9e7150
6.6235536,3.4822902,,Point,LA,GRID,NIPCO,LASIKU28,fbb063dd-d19e-43c3-bfbe-8e8eeab2d81f
6.4477007,3.3696729,,Point,LA,GRID,Total Filling Station Wharf Road,LASAPA04,fbef9bca-87da-46c3-ba7a-2f80545f55f6
6.6712167,3.5924667,,Point,LA,GRID,Sandex O Filling Station,LASIKU18,fc784521-778a-41ac-9532-4fe9ee401659
6.4609219,3.1445764,,Point,LA,GRID,M Omotayo Petroleum Company Ltd,LASOJO03,fd1b40cf-d778-42e8-b6d3-b40993e4b507
6.423452,2.8895451,,Point,LA,GRID,God s Decision Petroleum Filling Station,LASBDY16,fd338ea8-ff51-4041-a609-c7b7c40a7edc
6.6323669,3.5391837,,Point,LA,GRID,Mukaz Filling Station,LASIKU29,fd5ef6e7-a378-4df7-b894-4e5235424b20
6.6433871,3.4803757,,Point,LA,GRID,Mejabot Oil,LASIKU28,fe704959-4ac6-48d9-b8f7-cdacdc01bdb7
6.5226462,3.3180429,,Point,LA,GRID,NIPCO,LASOIO14,fe8b5025-85ef-4da6-ba99-06b5c74c18b2
6.4778411,3.1864351,,Point,LA,GRID,John Tome Oil,LASOJO12,ff5d58b4-5d9d-4ee9-b69e-f47a3476194f
6.5914495,3.2876484,,Point,LA,GRID,Energy,LASAMO33,ffc7ca6f-4c68-4b1a-9d3c-64631a5129da
6.5868483,3.6005767,,Point,LA,GRID,Ododo Filling Station Osho Oluwa,LASIKU24,fff8ac20-c1c9-4c68-b669-364d8bf9a1a6
